City_ID,City,Country,Date,Lat,Lng,Max Temp,Humidity,Cloudiness,Wind Speed
0,Iqaluit,CA,2021-07-18 15:00:38,63.7506,-68.5145,45.7,61,83,8.01
1,Atuona,PF,2021-07-18 15:04:35,-9.8,-139.0333,77.67,73,23,28.01
2,Rikitea,PF,2021-07-18 15:04:35,-23.1203,-134.9692,71.02,64,100,28.05
3,Thompson,CA,2021-07-18 15:01:47,55.7435,-97.8558,53.8,57,100,7.94
4,Poplar Bluff,US,2021-07-18 15:04:36,36.757,-90.3929,78.53,89,90,11.5
5,Canarana,BR,2021-07-18 15:04:36,-11.6847,-41.7689,87.01,27,0,4.74
6,Norman Wells,CA,2021-07-18 15:04:37,65.282,-126.8329,65.44,45,57,4.76
7,Laje,BR,2021-07-18 15:04:37,-10.1833,-40.9667,84.49,37,1,8.79
8,Ahuimanu,US,2021-07-18 15:04:37,21.4447,-157.8378,78.51,72,20,12.66
9,Carnarvon,AU,2021-07-18 15:04:38,-24.8667,113.6333,62.67,50,90,8.05
10,Airai,TL,2021-07-18 15:00:52,-8.9266,125.4092,57.61,64,84,2.77
11,Saskylakh,RU,2021-07-18 15:04:38,71.9167,114.0833,62.35,52,100,9.6
12,Chokurdakh,RU,2021-07-18 15:04:39,70.6333,147.9167,38.12,83,58,8.03
13,Clyde River,CA,2021-07-18 15:04:39,70.4692,-68.5914,36.52,80,100,8.1
14,Grindavik,IS,2021-07-18 15:04:39,63.8424,-22.4338,49.55,87,90,9.22
15,Roros,NO,2021-07-18 15:04:40,62.5747,11.3842,49.84,66,75,24.16
16,Busselton,AU,2021-07-18 15:04:40,-33.65,115.3333,49.08,76,2,9.53
17,Bull Savanna,JM,2021-07-18 15:04:41,17.8868,-77.5902,84.09,63,95,8.23
18,Dikson,RU,2021-07-18 15:04:41,73.5069,80.5464,35.78,86,21,11.01
19,Manicore,BR,2021-07-18 15:04:41,-5.8092,-61.3003,92.7,40,0,3.74
20,Oktyabrskoye,RU,2021-07-18 15:04:42,43.0645,44.7417,91.54,34,1,6.71
21,Ushuaia,AR,2021-07-18 14:59:49,-54.8,-68.3,40.66,70,75,17.27
22,Loukhi,RU,2021-07-18 15:04:42,66.0764,33.0381,58.84,92,95,10.74
23,Mocuba,MZ,2021-07-18 15:02:49,-16.8392,36.9856,67.03,77,100,3.0
24,Nikolskoye,RU,2021-07-18 15:01:21,59.7035,30.7861,82.29,30,4,6.58
25,Albany,US,2021-07-18 15:04:43,42.6001,-73.9662,72.75,95,100,4.59
26,Vaini,TO,2021-07-18 15:04:43,-21.2,-175.2,73.56,94,20,4.61
27,Upernavik,GL,2021-07-18 15:04:44,72.7868,-56.1549,39.81,78,41,14.79
28,Chuy,UY,2021-07-18 15:04:44,-33.6971,-53.4616,43.68,90,100,24.36
29,Tuatapere,NZ,2021-07-18 15:04:44,-46.1333,167.6833,43.57,92,48,3.94
30,Coihaique,CL,2021-07-18 15:04:45,-45.5752,-72.0662,41.61,70,90,5.75
31,Nadym,RU,2021-07-18 15:04:45,65.5333,72.5167,64.87,51,85,2.91
32,San Blas,MX,2021-07-18 15:04:45,21.5167,-105.2667,84.09,78,100,1.43
33,Itarantim,BR,2021-07-18 15:04:46,-15.6597,-40.0656,87.42,30,0,1.92
34,New Norfolk,AU,2021-07-18 15:04:46,-42.7826,147.0587,51.3,80,100,1.01
35,Qaanaaq,GL,2021-07-18 15:04:46,77.484,-69.3632,36.1,86,100,5.68
36,Punta Arenas,CL,2021-07-18 15:03:44,-53.15,-70.9167,37.11,93,100,6.78
37,Nacogdoches,US,2021-07-18 15:00:14,31.6002,-94.6335,85.71,82,10,4.05
38,Clarence Town,AU,2021-07-18 15:04:47,-32.5833,151.7833,50.56,80,70,3.96
39,Kavieng,PG,2021-07-18 15:04:47,-2.5744,150.7967,81.82,77,90,12.3
40,Pueblo Nuevo,MX,2021-07-18 15:04:48,23.3833,-105.3833,66.63,63,86,3.38
41,Zharkent,KZ,2021-07-18 15:04:48,44.1628,80.0,78.71,22,91,4.52
42,Sao Filipe,CV,2021-07-18 15:04:48,14.8961,-24.4956,74.75,85,31,7.25
43,Khatanga,RU,2021-07-18 15:04:49,71.9667,102.5,61.59,73,100,8.28
44,Hofn,IS,2021-07-18 15:04:49,64.2539,-15.2082,53.98,83,34,13.06
45,Bure,ET,2021-07-18 15:04:49,10.7,37.0667,60.35,93,95,2.37
46,Kargasok,RU,2021-07-18 15:04:50,59.0556,80.8572,56.39,87,37,5.46
47,Kruisfontein,ZA,2021-07-18 15:04:50,-34.0033,24.7314,67.15,25,0,4.63
48,Cape Town,ZA,2021-07-18 14:59:53,-33.9258,18.4232,77.41,29,0,13.8
49,Avarua,CK,2021-07-18 15:04:51,-21.2078,-159.775,75.25,83,11,5.75
50,Vokhma,RU,2021-07-18 15:04:51,58.9303,46.7586,78.03,49,0,3.13
51,Tiznit,MA,2021-07-18 15:04:51,29.5833,-9.5,103.5,8,3,16.91
52,Mokhsogollokh,RU,2021-07-18 15:04:52,61.4681,128.9203,62.28,71,7,2.35
53,Ahipara,NZ,2021-07-18 15:04:52,-35.1667,173.1667,56.17,91,19,16.64
54,Hermanus,ZA,2021-07-18 15:00:44,-34.4187,19.2345,67.8,60,6,2.19
55,Luderitz,NA,2021-07-18 15:04:52,-26.6481,15.1594,75.56,35,0,8.72
56,Hilo,US,2021-07-18 15:00:27,19.7297,-155.09,72.81,95,79,4.43
57,Vila Franca Do Campo,PT,2021-07-18 15:04:53,37.7167,-25.4333,73.81,62,1,9.37
58,Arraial Do Cabo,BR,2021-07-18 15:04:54,-22.9661,-42.0278,75.06,83,75,10.36
59,San Patricio,US,2021-07-18 15:04:54,28.017,-97.5169,88.88,67,7,6.51
60,Tigil,RU,2021-07-18 15:04:54,57.8,158.6667,53.28,96,100,6.78
61,Fukue,JP,2021-07-18 15:04:55,32.6881,128.8419,79.61,84,100,10.47
62,Esperance,AU,2021-07-18 15:04:55,-33.8667,121.9,55.02,82,15,13.87
63,Vao,NC,2021-07-18 15:04:55,-22.6667,167.4833,69.87,76,100,16.46
64,Kommunar,RU,2021-07-18 15:04:56,59.6206,30.39,81.93,32,0,6.38
65,Lorengau,PG,2021-07-18 15:01:16,-2.0226,147.2712,80.28,78,99,4.27
66,East London,ZA,2021-07-18 15:04:56,-33.0153,27.9116,66.06,61,1,19.46
67,Mardin,TR,2021-07-18 15:04:56,37.3131,40.7436,100.51,11,0,9.22
68,Darhan,MN,2021-07-18 15:04:57,49.4867,105.9228,60.24,93,100,6.91
69,Ilulissat,GL,2021-07-18 15:04:57,69.2167,-51.1,53.62,50,75,5.75
70,Jaszkiser,HU,2021-07-18 15:04:57,47.45,20.2167,91.4,31,47,8.37
71,Sorland,NO,2021-07-18 15:04:58,67.667,12.6934,51.66,86,100,16.44
72,Fortuna,US,2021-07-18 15:01:15,40.5982,-124.1573,55.92,94,90,1.01
73,Jamestown,US,2021-07-18 15:01:02,42.097,-79.2353,72.18,78,87,9.08
74,Atar,MR,2021-07-18 15:04:58,20.5169,-13.0499,112.6,11,11,8.48
75,Bilibino,RU,2021-07-18 15:04:59,68.0546,166.4372,43.93,77,100,1.92
76,Kapaa,US,2021-07-18 15:04:59,22.0752,-159.319,79.12,83,75,16.11
77,Chalus,IR,2021-07-18 15:04:59,36.655,51.4204,85.08,76,20,4.23
78,Ballina,AU,2021-07-18 15:05:00,-28.8667,153.5667,51.78,73,91,6.04
79,Manggar,ID,2021-07-18 15:05:00,-2.8833,108.2667,81.3,80,77,7.4
80,Nome,US,2021-07-18 15:02:52,64.5011,-165.4064,48.16,97,100,4.18
81,Albania,AL,2021-07-18 15:03:59,41.0,20.0,78.19,92,100,2.91
82,Suntar,RU,2021-07-18 15:05:01,62.1444,117.6319,72.27,64,96,8.05
83,Stokmarknes,NO,2021-07-18 15:05:03,68.5646,14.9108,54.37,86,75,17.27
84,Nayoro,JP,2021-07-18 15:05:04,44.3506,142.4578,67.78,98,15,2.55
85,Alberton,CA,2021-07-18 15:05:04,46.8168,-64.0654,71.47,66,97,1.28
86,Hithadhoo,MV,2021-07-18 15:01:06,-0.6,73.0833,82.17,75,20,6.2
87,Severo-Kurilsk,RU,2021-07-18 15:05:05,50.6789,156.125,53.24,97,100,8.57
88,Saint-Philippe,RE,2021-07-18 15:00:58,-21.3585,55.7679,71.19,85,67,15.21
89,Lata,PT,2021-07-18 15:05:06,40.1629,-8.3327,86.49,46,0,11.99
90,Nova Venecia,BR,2021-07-18 15:02:58,-18.7106,-40.4006,86.25,35,0,5.3
91,Cayenne,GF,2021-07-18 15:00:07,4.9333,-52.3333,87.84,73,75,3.0
92,Kamenka,RU,2021-07-18 15:05:06,51.3223,42.7678,86.2,43,29,7.56
93,Bethel,US,2021-07-18 15:05:06,41.3712,-73.414,80.04,88,90,4.61
94,Lagos,NG,2021-07-18 15:03:54,6.5833,3.75,82.22,69,100,9.1
95,Kochinda,IN,2021-07-18 15:05:07,21.7333,84.35,83.66,69,89,5.37
96,Victoria,HK,2021-07-18 15:04:44,22.2855,114.1577,84.96,88,100,1.01
97,Oussouye,SN,2021-07-18 15:05:07,12.485,-16.5469,88.09,61,98,7.09
98,Taitung,TW,2021-07-18 15:05:08,22.7583,121.1444,81.27,79,100,2.93
99,Tuktoyaktuk,CA,2021-07-18 15:01:19,69.4541,-133.0374,45.03,89,72,15.9
100,Klaksvik,FO,2021-07-18 15:05:08,62.2266,-6.589,52.72,85,15,5.48
101,Port Alfred,ZA,2021-07-18 15:05:09,-33.5906,26.891,66.0,59,34,17.29
102,Katsuura,JP,2021-07-18 15:00:56,35.1333,140.3,81.1,93,49,8.93
103,Hami,CN,2021-07-18 15:05:09,42.8,93.45,82.4,30,100,10.65
104,Trebukhiv,UA,2021-07-18 15:05:09,50.4843,30.903,89.13,47,40,8.95
105,Labuhan,ID,2021-07-18 15:05:10,-6.8844,112.2051,78.53,79,8,6.22
106,Faya,SA,2021-07-18 15:05:10,18.3851,42.4509,75.72,36,90,12.15
107,Pelym,RU,2021-07-18 15:05:11,61.0108,61.9978,73.81,54,54,7.45
108,Bluff,NZ,2021-07-18 15:05:11,-46.6,168.3333,44.65,88,67,9.26
109,Hasaki,JP,2021-07-18 15:01:09,35.7333,140.8333,75.6,94,21,11.25
110,Mataura,NZ,2021-07-18 15:05:12,-46.1927,168.8643,42.22,97,79,4.12
111,Mount Isa,AU,2021-07-18 15:01:03,-20.7333,139.5,55.17,47,7,6.91
112,Beloha,MG,2021-07-18 15:02:46,-25.1667,45.05,71.51,67,0,11.39
113,Olafsvik,IS,2021-07-18 15:05:12,64.8945,-23.7142,51.66,82,63,12.57
114,Longyearbyen,SJ,2021-07-18 15:05:13,78.2186,15.6401,40.84,100,75,5.75
115,Port Moresby,PG,2021-07-18 15:05:13,-9.4431,147.1797,75.51,89,37,5.37
116,Mitsamiouli,KM,2021-07-18 15:05:13,-11.3847,43.2844,77.4,70,19,12.53
117,Souillac,MU,2021-07-18 15:05:14,-20.5167,57.5167,68.36,72,42,15.82
118,Bambous Virieux,MU,2021-07-18 15:05:14,-20.3428,57.7575,68.22,69,81,17.05
119,Chulman,RU,2021-07-18 15:05:14,56.8479,124.9104,60.49,65,100,3.13
120,Mar Del Plata,AR,2021-07-18 15:02:31,-38.0023,-57.5575,51.1,48,60,14.0
121,Mokhotlong,LS,2021-07-18 15:05:15,-29.2894,29.0675,48.11,23,0,3.67
122,Pocatello,US,2021-07-18 15:00:32,42.8713,-112.4455,84.67,20,5,7.0
123,Solnechnyy,RU,2021-07-18 15:05:16,50.7214,136.6319,68.9,74,100,3.47
124,Port Elizabeth,ZA,2021-07-18 15:01:16,-33.918,25.5701,68.2,40,0,10.25
125,Cap Malheureux,MU,2021-07-18 15:05:16,-19.9842,57.6142,68.47,82,4,8.01
126,Willowmore,ZA,2021-07-18 15:05:17,-33.2926,23.4895,63.45,22,0,8.05
127,Hobart,AU,2021-07-18 15:00:44,-42.8794,147.3294,51.06,79,100,7.0
128,Ilheus,BR,2021-07-18 15:05:17,-14.7889,-39.0494,80.67,57,0,6.71
129,Artesia,US,2021-07-18 15:05:18,33.8658,-118.0831,82.08,80,1,1.01
130,Sitka,US,2021-07-18 15:05:18,57.0531,-135.33,57.09,88,75,3.44
131,Tabou,CI,2021-07-18 15:05:18,4.423,-7.3528,79.93,66,78,7.94
132,Kodiak,US,2021-07-18 15:05:19,57.79,-152.4072,58.51,77,1,4.61
133,Astara,AZ,2021-07-18 15:05:19,38.5,48.6667,77.7,58,14,0.78
134,Mahebourg,MU,2021-07-18 15:01:06,-20.4081,57.7,68.25,69,74,17.29
135,Faanui,PF,2021-07-18 15:05:20,-16.4833,-151.75,79.36,72,100,23.06
136,Egvekinot,RU,2021-07-18 15:03:28,66.3167,-179.1667,42.21,97,100,4.83
137,Sovetskiy,RU,2021-07-18 15:05:20,61.3614,63.5842,69.76,66,68,1.32
138,Yulara,AU,2021-07-18 15:05:20,-25.2406,130.9889,46.24,66,0,3.44
139,Ponta Do Sol,PT,2021-07-18 15:05:21,32.6667,-17.1,84.7,70,2,3.6
140,Sakakah,SA,2021-07-18 15:05:21,29.9697,40.2064,108.25,9,0,3.89
141,Tessalit,ML,2021-07-18 15:05:21,20.1986,1.0114,109.15,9,47,2.89
142,Camacha,PT,2021-07-18 15:05:22,33.0833,-16.3333,77.76,64,20,14.97
143,Rawson,AR,2021-07-18 15:05:22,-43.3002,-65.1023,45.81,51,7,18.01
144,Paragominas,BR,2021-07-18 15:05:22,-2.9667,-47.4833,90.81,47,17,3.29
145,Saint-Pierre,RE,2021-07-18 15:05:23,-21.3393,55.4781,71.28,85,90,14.97
146,Vardo,NO,2021-07-18 15:02:04,70.3705,31.1107,57.4,82,75,3.44
147,Antalaha,MG,2021-07-18 15:05:23,-14.9003,50.2788,72.36,78,18,12.28
148,Pochutla,MX,2021-07-18 15:05:24,15.7432,-96.4661,83.82,63,100,0.85
149,Antigonish,CA,2021-07-18 15:01:50,45.6169,-61.9986,81.12,52,58,5.1
150,Vidim,RU,2021-07-18 15:05:24,56.4088,103.1106,56.1,73,33,1.61
151,Thinadhoo,MV,2021-07-18 15:03:12,0.5333,72.9333,82.8,69,20,1.3
152,Fairbanks,US,2021-07-18 15:01:50,64.8378,-147.7164,64.22,78,90,3.0
153,Tautira,PF,2021-07-18 15:01:40,-17.7333,-149.15,71.62,76,100,23.98
154,Sabla,NG,2021-07-18 15:05:25,12.7525,4.7077,96.22,36,41,9.78
155,Nantucket,US,2021-07-18 15:03:19,41.2835,-70.0995,82.26,78,75,11.5
156,Suez,EG,2021-07-18 15:05:26,29.9737,32.5263,102.92,18,0,5.77
157,Bac Lieu,VN,2021-07-18 15:05:26,9.285,105.7244,76.21,83,100,5.1
158,Port-Gentil,GA,2021-07-18 15:01:11,-0.7193,8.7815,75.63,75,12,10.31
159,Kailua,US,2021-07-18 15:02:08,21.4022,-157.7394,78.03,72,22,20.0
160,Jibuti,DJ,2021-07-18 15:04:07,11.5,42.5,89.02,24,39,5.21
161,Bowen,AU,2021-07-18 15:05:27,-20.0167,148.2333,60.89,71,19,6.64
162,Tsaratanana,MG,2021-07-18 15:05:27,-16.7833,47.65,72.19,62,26,9.64
163,Beringovskiy,RU,2021-07-18 15:05:27,63.05,179.3167,49.19,91,13,9.24
164,Shakawe,BW,2021-07-18 15:05:28,-18.3667,21.85,73.81,19,1,7.27
165,Port Lincoln,AU,2021-07-18 15:00:48,-34.7333,135.8667,53.02,82,98,11.59
166,Tura,IN,2021-07-18 15:01:55,25.5198,90.2201,75.79,96,100,3.4
167,Rawlins,US,2021-07-18 15:05:19,41.7911,-107.2387,71.82,37,1,4.61
168,Meulaboh,ID,2021-07-18 15:05:29,4.1363,96.1285,78.3,78,23,1.39
169,Carutapera,BR,2021-07-18 15:05:29,-1.195,-46.02,86.13,64,9,5.35
170,Chazuta,PE,2021-07-18 15:05:29,-6.5742,-76.1367,81.45,76,88,1.7
171,Mungwi,ZM,2021-07-18 15:05:30,-10.1732,31.3694,71.98,27,67,7.2
172,Namibe,AO,2021-07-18 15:05:30,-15.1961,12.1522,72.16,75,5,9.66
173,Omboue,GA,2021-07-18 15:05:30,-1.5746,9.2618,77.94,68,8,11.88
174,Nhulunbuy,AU,2021-07-18 15:03:15,-12.2333,136.7667,74.01,83,6,8.05
175,Port Hardy,CA,2021-07-18 15:03:11,50.6996,-127.4199,54.73,81,70,2.95
176,Havelock,US,2021-07-18 15:05:31,34.8791,-76.9013,87.98,79,92,5.99
177,Bardiyah,LY,2021-07-18 15:05:31,31.7561,25.0865,81.09,62,0,15.28
178,Poum,NC,2021-07-18 15:05:32,-20.2333,164.0167,73.69,82,42,18.72
179,Buraydah,SA,2021-07-18 15:05:32,26.326,43.975,99.45,16,78,21.7
180,Axim,GH,2021-07-18 15:05:32,4.8699,-2.2405,80.08,65,83,9.37
181,Lagoa,PT,2021-07-18 15:05:33,39.05,-27.9833,68.54,72,0,17.52
182,Codrington,AU,2021-07-18 15:02:29,-38.2667,141.9667,46.94,95,100,8.48
183,Barentu,ER,2021-07-18 15:05:33,15.1139,37.5928,76.73,59,98,7.83
184,Santarem,BR,2021-07-18 15:03:58,-2.4431,-54.7083,90.14,47,8,5.99
185,Sao Joao Da Barra,BR,2021-07-18 15:02:59,-21.6403,-41.0511,77.67,64,0,6.29
186,Bocas Del Toro,PA,2021-07-18 15:05:34,9.3333,-82.25,85.08,77,100,9.6
187,Castro,BR,2021-07-18 15:01:13,-24.7911,-50.0119,53.76,53,6,12.17
188,Yingkou,CN,2021-07-18 15:05:34,40.6648,122.2283,74.93,88,6,5.95
189,Richards Bay,ZA,2021-07-18 15:00:45,-28.783,32.0377,63.91,65,0,4.21
190,Cherskiy,RU,2021-07-18 15:05:35,68.75,161.3,45.7,61,100,5.61
191,Ponta Delgada,PT,2021-07-18 15:03:10,37.7333,-25.6667,74.12,68,20,11.5
192,Lieto,FI,2021-07-18 15:05:36,60.5103,22.4618,73.02,45,0,11.5
193,San Vicente,AR,2021-07-18 15:05:36,-26.6167,-54.1333,49.48,35,0,6.31
194,Urumqi,CN,2021-07-18 15:05:36,43.801,87.6005,74.35,33,0,2.24
195,Huarmey,PE,2021-07-18 15:05:37,-10.0681,-78.1522,67.53,71,49,7.58
196,La Orilla,MX,2021-07-18 15:05:37,17.9833,-102.2333,79.7,87,100,3.91
197,Marzuq,YE,2021-07-18 15:05:37,14.4,46.4667,84.72,44,72,8.86
198,Hualmay,PE,2021-07-18 15:05:38,-11.0964,-77.6139,66.27,72,30,8.7
199,Luau,AO,2021-07-18 15:05:38,-10.7073,22.2247,81.88,18,30,5.41
200,Lompoc,US,2021-07-18 15:05:38,34.6391,-120.4579,64.08,97,90,0.0
201,Tombouctou,ML,2021-07-18 15:05:39,20.0,-3.0,112.6,8,8,4.65
202,Broome,US,2021-07-18 15:02:51,42.2506,-75.833,69.01,96,90,1.99
203,Pacific Grove,US,2021-07-18 15:02:56,36.6177,-121.9166,68.16,94,40,1.01
204,Oranjemund,NA,2021-07-18 15:05:39,-28.55,16.4333,77.92,26,0,8.3
205,Yellowknife,CA,2021-07-18 15:05:40,62.456,-114.3525,61.29,66,64,5.17
206,Alta Floresta,BR,2021-07-18 15:05:40,-9.8756,-56.0861,93.72,24,0,6.85
207,Kalmunai,LK,2021-07-18 15:05:41,7.4167,81.8167,82.08,77,65,5.08
208,Salalah,OM,2021-07-18 15:05:41,17.0151,54.0924,77.09,94,90,6.91
209,Lewisporte,CA,2021-07-18 15:05:41,49.2499,-55.0482,80.13,37,6,8.5
210,Saint George,US,2021-07-18 15:05:42,37.1041,-113.5841,92.53,47,20,3.44
211,Alofi,NU,2021-07-18 15:05:42,-19.0595,-169.9187,76.53,77,21,18.63
212,Turukhansk,RU,2021-07-18 15:05:42,65.8167,87.9833,56.28,66,100,5.06
213,Bagn,NO,2021-07-18 15:05:43,60.8225,9.5521,67.62,42,98,6.35
214,Mount Gambier,AU,2021-07-18 15:05:43,-37.8333,140.7667,45.43,98,100,5.32
215,Aklavik,CA,2021-07-18 15:05:43,68.2191,-135.0107,57.92,78,97,15.14
216,Hella,NO,2021-07-18 15:05:44,67.2,14.4333,51.76,89,75,23.02
217,Arrecife,ES,2021-07-18 15:05:44,28.963,-13.5477,94.98,34,0,20.71
218,Moerai,PF,2021-07-18 15:05:44,-22.4333,-151.3333,74.17,80,100,29.33
219,Paracuru,BR,2021-07-18 15:05:45,-3.41,-39.0306,86.02,57,85,14.58
220,Butaritari,KI,2021-07-18 15:05:45,3.0707,172.7902,81.93,79,97,11.9
221,Xai-Xai,MZ,2021-07-18 15:05:46,-25.0519,33.6442,67.68,56,62,11.63
222,Minot,US,2021-07-18 15:05:46,48.2325,-101.2963,82.62,66,1,5.99
223,Bonthe,SL,2021-07-18 15:03:06,7.5264,-12.505,80.64,78,100,7.99
224,Xinpu,CN,2021-07-18 15:05:46,34.5997,119.1594,73.92,95,8,6.91
225,Zhanakorgan,KZ,2021-07-18 15:05:47,43.9098,67.2495,91.65,13,0,10.51
226,Port Augusta,AU,2021-07-18 15:05:47,-32.5,137.7667,41.14,55,100,3.94
227,Corowa,AU,2021-07-18 15:05:47,-36.0333,146.3833,47.41,91,100,2.28
228,Sangar,RU,2021-07-18 15:05:48,63.9242,127.4739,56.57,66,100,2.55
229,Aguada De Pasajeros,CU,2021-07-18 15:05:48,22.385,-80.8508,86.14,56,0,10.74
230,Bredasdorp,ZA,2021-07-18 15:05:48,-34.5322,20.0403,67.28,62,4,2.53
231,Bermeo,ES,2021-07-18 15:05:49,43.4209,-2.7215,84.85,68,0,6.06
232,Pag,HR,2021-07-18 15:05:49,44.445,15.0575,86.58,64,62,12.12
233,Lumeje,AO,2021-07-18 15:05:49,-11.55,20.7833,79.74,19,21,8.32
234,Bengkulu,ID,2021-07-18 15:05:50,-3.8004,102.2655,76.93,89,17,4.41
235,Kaitangata,NZ,2021-07-18 15:05:50,-46.2817,169.8464,45.19,91,98,7.11
236,Husavik,IS,2021-07-18 15:05:51,66.0449,-17.3389,57.36,71,17,6.13
237,Hearst,CA,2021-07-18 15:05:51,49.6835,-83.6665,66.67,56,0,4.83
238,Orje,NO,2021-07-18 15:05:51,59.4802,11.6602,75.79,39,98,5.28
239,Wanning,CN,2021-07-18 15:05:52,18.8003,110.3967,79.92,87,100,2.62
240,Dubbo,AU,2021-07-18 15:04:49,-32.25,148.6167,37.53,93,40,3.44
241,Salinopolis,BR,2021-07-18 15:03:43,-0.6136,-47.3561,84.87,67,4,9.33
242,Antofagasta,CL,2021-07-18 15:05:52,-23.65,-70.4,66.22,58,87,3.89
243,Georgetown,MY,2021-07-18 15:05:53,5.4112,100.3354,84.88,60,20,4.61
244,Barrie,CA,2021-07-18 15:05:53,44.4001,-79.6663,80.51,77,67,8.61
245,Pitea,SE,2021-07-18 15:05:53,65.3172,21.4794,69.1,47,94,8.5
246,Provideniya,RU,2021-07-18 15:01:14,64.3833,-173.3,46.74,99,100,4.94
247,Luganville,VU,2021-07-18 15:01:15,-15.5333,167.1667,76.41,80,16,4.32
248,Port Shepstone,ZA,2021-07-18 15:05:54,-30.7414,30.455,65.16,70,0,12.48
249,Tasiilaq,GL,2021-07-18 15:01:23,65.6145,-37.6368,44.76,73,100,4.92
250,Xihua,CN,2021-07-18 15:05:55,33.7833,114.5167,76.66,92,74,10.4
251,Narsaq,GL,2021-07-18 15:05:55,60.9167,-46.05,55.62,99,100,5.26
252,Freeport,US,2021-07-18 15:02:21,40.6576,-73.5832,84.06,85,75,5.99
253,Ginir,ET,2021-07-18 15:05:56,7.1333,40.7,65.07,64,65,8.72
254,Chippewa Falls,US,2021-07-18 15:05:56,44.9369,-91.3929,77.72,70,1,0.0
255,Barabash,RU,2021-07-18 15:05:57,43.2,131.4833,74.88,99,48,2.28
256,Aksarka,RU,2021-07-18 15:05:57,66.5606,67.7975,64.49,74,59,9.08
257,College,US,2021-07-18 15:05:57,64.8569,-147.8028,61.59,75,75,4.61
258,Saint-Augustin,CA,2021-07-18 15:05:58,51.226,-58.6502,74.41,40,0,11.61
259,Dennis,US,2021-07-18 15:05:58,41.7354,-70.1939,83.8,92,1,1.01
260,Arman,RU,2021-07-18 15:01:24,59.7,150.1667,55.83,76,10,13.42
261,Eydhafushi,MV,2021-07-18 15:05:59,5.1033,73.0708,82.33,74,100,12.28
262,Moissac,FR,2021-07-18 15:05:59,44.1024,1.0945,89.91,38,1,9.62
263,Batagay-Alyta,RU,2021-07-18 15:05:59,67.8006,130.4114,48.87,63,53,5.37
264,Puerto Escondido,MX,2021-07-18 15:06:00,15.85,-97.0667,84.42,61,31,0.45
265,De Land,US,2021-07-18 15:06:00,29.0283,-81.3031,89.85,69,40,3.44
266,Suzhou,CN,2021-07-18 15:03:48,31.3114,120.6181,82.27,81,90,10.42
267,Talnakh,RU,2021-07-18 15:06:00,69.4865,88.3972,54.77,76,100,6.91
268,Buenos Aires,AR,2021-07-18 15:05:34,-34.6132,-58.3772,51.01,65,40,12.66
269,Shubarkuduk,KZ,2021-07-18 15:06:01,49.1447,56.4872,91.6,25,64,7.49
270,Puteyets,RU,2021-07-18 15:06:01,65.1716,57.091,66.85,54,100,2.33
271,Torbay,CA,2021-07-18 15:03:22,47.6666,-52.7314,76.87,56,31,10.13
272,Montijo,PT,2021-07-18 15:06:02,38.7067,-8.9739,77.54,59,20,16.11
273,Verkhoyansk,RU,2021-07-18 15:06:02,67.5447,133.385,49.77,53,30,3.29
274,Juan Lacaze,UY,2021-07-18 15:06:03,-34.4342,-57.4381,50.07,64,51,30.8
275,Cap-Aux-Meules,CA,2021-07-18 15:01:26,47.3821,-61.8597,63.61,77,96,3.87
276,Grand Gaube,MU,2021-07-18 15:06:03,-20.0064,57.6608,68.38,82,7,8.01
277,Muli,MV,2021-07-18 15:06:04,2.9167,73.5667,82.8,74,69,9.33
278,Hay River,CA,2021-07-18 15:06:04,60.8156,-115.7999,54.7,60,87,2.13
279,Coffs Harbour,AU,2021-07-18 15:06:04,-30.3,153.1333,46.13,100,7,3.44
280,Cidreira,BR,2021-07-18 15:06:05,-30.1811,-50.2056,52.88,51,0,24.25
281,Voskresenskoye,RU,2021-07-18 15:06:05,56.8381,45.4317,82.44,44,8,5.14
282,Mayuge,UG,2021-07-18 15:06:05,0.4597,33.4803,73.22,52,87,11.16
283,Portland,US,2021-07-18 15:02:56,45.5234,-122.6762,63.91,76,1,1.99
284,Yining,CN,2021-07-18 15:06:06,29.0361,114.5636,75.85,94,55,2.64
285,Turbat,PK,2021-07-18 15:01:39,26.0023,63.044,90.55,56,1,18.45
286,Lebu,CL,2021-07-18 15:06:06,-37.6167,-73.65,51.69,58,0,12.64
287,Ibb,YE,2021-07-18 15:06:07,13.9667,44.1833,71.2,58,99,16.37
288,Belaya Gora,RU,2021-07-18 15:06:07,68.5333,146.4167,41.23,70,76,4.0
289,Kirakira,SB,2021-07-18 15:02:06,-10.4544,161.9205,78.51,84,99,10.47
290,Sadabad,IN,2021-07-18 15:06:07,27.45,78.05,80.91,77,100,3.74
291,Emba,KZ,2021-07-18 15:06:08,48.8264,58.1442,89.38,29,82,7.63
292,Souris,CA,2021-07-18 15:06:09,49.6172,-100.2612,77.74,44,0,8.66
293,Sola,VU,2021-07-18 15:06:09,-13.8833,167.55,79.75,73,46,15.19
294,Gamba,GA,2021-07-18 15:06:09,-2.65,10.0,75.47,71,7,11.52
295,Port Macquarie,AU,2021-07-18 15:06:10,-31.4333,152.9167,46.38,71,59,6.29
296,San Cristobal,VE,2021-07-18 15:06:10,7.7669,-72.225,84.38,52,36,9.13
297,Pevek,RU,2021-07-18 15:06:11,69.7008,170.3133,36.55,85,100,3.0
298,Bonavista,CA,2021-07-18 15:06:11,48.6499,-53.1147,63.57,66,7,5.06
299,Biak,ID,2021-07-18 15:06:12,-0.9131,122.8766,75.67,87,97,4.25
300,Ola,RU,2021-07-18 15:06:12,59.5833,151.2833,55.27,84,97,8.99
301,Constitucion,CL,2021-07-18 15:06:12,-35.3333,-72.4167,54.68,42,0,3.6
302,Kieta,PG,2021-07-18 15:06:13,-6.2167,155.6333,79.47,81,100,4.29
303,Auki,SB,2021-07-18 15:06:13,-8.7676,160.7034,77.49,89,100,4.92
304,Rapid Valley,US,2021-07-18 15:06:13,44.0625,-103.1463,87.4,47,1,4.61
305,Mandan,US,2021-07-18 15:04:19,46.8267,-100.8896,82.38,92,1,10.36
306,Sagua La Grande,CU,2021-07-18 15:06:14,22.8067,-80.0756,86.99,63,18,13.69
307,Valencia,ES,2021-07-18 15:03:48,39.3333,-0.8333,91.69,32,1,9.78
308,Bucerias,MX,2021-07-18 15:06:14,20.75,-105.3333,82.98,74,90,4.61
309,Leshukonskoye,RU,2021-07-18 15:06:15,64.8989,45.7622,77.23,34,42,6.29
310,Ruteng,ID,2021-07-18 15:06:15,-8.6136,120.4721,59.9,85,97,1.19
311,Namatanai,PG,2021-07-18 15:02:19,-3.6667,152.4333,78.21,84,92,4.38
312,Kamaishi,JP,2021-07-18 15:06:16,39.2667,141.8833,74.66,88,7,4.45
313,Ostrovnoy,RU,2021-07-18 15:06:16,68.0531,39.5131,67.95,64,100,15.19
314,Strezhevoy,RU,2021-07-18 15:06:16,60.7333,77.5889,64.38,72,99,6.87
315,Bayir,TR,2021-07-18 15:06:17,37.2687,28.2167,86.83,27,0,12.66
316,Cockburn Town,TC,2021-07-18 15:06:17,21.4612,-71.1419,81.77,81,100,20.45
317,Yumen,CN,2021-07-18 15:02:57,40.2833,97.2,88.97,17,8,2.64
318,Yamada,JP,2021-07-18 15:06:18,39.4667,141.95,74.05,88,5,3.49
319,Ayan,RU,2021-07-18 15:06:18,56.45,138.1667,65.16,65,3,11.52
320,Christchurch,NZ,2021-07-18 15:02:18,-43.5333,172.6333,47.91,94,75,1.99
321,Aloleng,PH,2021-07-18 15:06:18,16.1307,119.7824,81.88,81,100,15.35
322,Mayo,US,2021-07-18 15:03:25,38.8876,-76.5119,82.26,65,1,5.01
323,Suhbaatar,MN,2021-07-18 15:06:19,50.2314,106.2078,60.94,89,100,4.41
324,Virden,US,2021-07-18 15:06:19,39.5009,-89.7679,77.09,86,35,6.93
325,Coari,BR,2021-07-18 15:06:20,-4.085,-63.1414,89.46,49,8,4.32
326,Lisala,CD,2021-07-18 15:06:20,2.15,21.5167,84.47,53,88,2.24
327,Half Moon Bay,US,2021-07-18 15:06:20,37.4636,-122.4286,71.06,86,1,1.01
328,Alice Springs,AU,2021-07-18 15:02:30,-23.7,133.8833,45.95,66,47,0.0
329,Singkawang,ID,2021-07-18 15:06:21,0.9,109.0,78.55,84,53,4.34
330,Ambanja,MG,2021-07-18 15:06:21,-13.6833,48.45,72.77,79,44,1.88
331,Saint-Denis,FR,2021-07-18 15:06:22,48.9167,2.3333,87.06,44,0,16.11
332,Bontang,ID,2021-07-18 15:04:00,0.1333,117.5,79.43,86,18,9.64
333,Bandarbeyla,SO,2021-07-18 15:06:22,9.4942,50.8122,78.44,76,92,31.94
334,Minab,IR,2021-07-18 15:06:22,27.1467,57.0801,92.7,66,38,7.45
335,Santo Andre,BR,2021-07-18 15:06:23,-23.6639,-46.5383,72.12,50,0,8.05
336,Sandakan,MY,2021-07-18 15:06:23,5.8402,118.1179,77.41,91,71,4.05
337,Agirish,RU,2021-07-18 15:06:24,61.9247,63.0231,67.41,67,96,3.58
338,Cabo San Lucas,MX,2021-07-18 15:06:24,22.8909,-109.9124,85.6,76,75,1.01
339,De-Kastri,RU,2021-07-18 15:06:24,51.4667,140.7833,64.27,65,0,4.72
340,Kavaratti,IN,2021-07-18 15:06:25,10.5669,72.642,82.42,79,100,19.35
341,Rio Grande,BR,2021-07-18 15:02:03,-32.035,-52.0986,47.95,65,49,29.17
342,Aanekoski,FI,2021-07-18 15:06:25,62.6946,25.818,70.86,41,26,13.24
343,Itatiaia,BR,2021-07-18 15:06:26,-22.4961,-44.5633,81.86,39,4,3.13
344,Savannah Bight,HN,2021-07-18 15:06:26,16.45,-85.85,87.85,79,71,18.84
345,Cabedelo,BR,2021-07-18 15:06:26,-6.9811,-34.8339,77.67,69,17,14.83
346,Pitimbu,BR,2021-07-18 15:06:27,-7.4706,-34.8086,77.59,69,29,13.42
347,Korla,CN,2021-07-18 15:06:27,41.7597,86.1469,80.47,26,0,14.47
348,Vuktyl,RU,2021-07-18 15:06:28,63.8567,57.3094,71.56,42,13,4.43
349,Burgeo,CA,2021-07-18 15:06:28,47.6167,-57.6152,66.15,74,93,9.98
350,Flinders,AU,2021-07-18 15:03:36,-34.5833,150.8552,51.21,75,44,1.01
351,Adwa,ET,2021-07-18 15:06:29,14.1646,38.8955,67.08,71,99,11.65
352,Ribeira Grande,PT,2021-07-18 15:06:29,38.5167,-28.7,73.8,64,20,16.11
353,Aguachica,CO,2021-07-18 15:06:29,8.3084,-73.6166,88.81,51,11,4.14
354,Pozo Colorado,PY,2021-07-18 15:06:30,-23.4923,-58.7972,62.11,18,96,11.12
355,Surskoye,RU,2021-07-18 15:06:30,54.4821,46.7214,77.05,70,12,18.57
356,Geraldton,AU,2021-07-18 15:06:31,-28.7667,114.6,57.61,88,75,6.91
357,Saint-Francois,FR,2021-07-18 15:06:31,46.4154,3.9054,83.68,36,0,14.97
358,Kytmanovo,RU,2021-07-18 15:06:31,53.4593,85.4479,61.57,82,100,6.11
359,Lokosovo,RU,2021-07-18 15:06:32,61.1333,74.8167,60.24,79,91,3.76
360,Azuaga,ES,2021-07-18 15:06:32,38.2667,-5.6833,95.97,20,0,10.33
361,Inverell,AU,2021-07-18 15:06:32,-29.7833,151.1167,41.16,89,97,1.99
362,San Policarpo,PH,2021-07-18 15:06:33,12.1791,125.5072,79.11,87,93,5.14
363,Neiafu,TO,2021-07-18 15:06:33,-18.65,-173.9833,75.88,83,20,9.22
364,Shelburne,CA,2021-07-18 15:06:33,44.0787,-80.2041,79.74,48,84,10.0
365,Rocha,UY,2021-07-18 15:06:34,-34.4833,-54.3333,45.37,90,85,29.39
366,Kloulklubed,PW,2021-07-18 15:02:46,7.0419,134.2556,77.5,79,100,6.62
367,Trinidad,BO,2021-07-18 15:06:34,-14.8333,-64.9,62.58,94,90,13.8
368,Koungou,YT,2021-07-18 15:06:35,-12.7336,45.2042,76.71,69,75,13.8
369,Beni,CD,2021-07-18 15:06:35,0.5,29.4667,67.15,87,99,0.63
370,Samarai,PG,2021-07-18 15:03:27,-10.6167,150.6667,79.34,81,96,15.59
371,Hays,US,2021-07-18 15:06:36,30.0502,-98.0336,84.11,79,12,3.0
372,Nouadhibou,MR,2021-07-18 15:06:36,20.931,-17.0347,68.88,92,4,14.2
373,Acarau,BR,2021-07-18 15:05:54,-2.8856,-40.12,88.03,56,21,12.77
374,Sinyavskoye,RU,2021-07-18 15:06:37,47.277,39.2789,99.75,29,0,5.06
375,Yar-Sale,RU,2021-07-18 15:06:37,66.8333,70.8333,56.39,63,30,8.05
376,Margate,GB,2021-07-18 15:06:37,51.3813,1.3862,86.97,74,1,7.54
377,Kralendijk,BQ,2021-07-18 15:06:38,12.15,-68.2667,85.98,70,75,17.27
378,Laguna,US,2021-07-18 15:06:38,38.421,-121.4238,86.02,62,1,1.99
379,Avera,US,2021-07-18 15:06:38,33.194,-82.5271,86.68,62,99,2.82
380,Manoel Urbano,BR,2021-07-18 15:06:39,-8.8389,-69.2597,89.47,43,19,4.43
381,Loudeac,FR,2021-07-18 15:06:39,48.1783,-2.7543,85.33,46,0,11.36
382,Ayorou,NE,2021-07-18 15:06:39,14.7308,0.9174,101.52,28,54,12.1
383,Belmonte,BR,2021-07-18 15:06:40,-15.8631,-38.8828,81.1,63,0,6.04
384,Roma,US,2021-07-18 15:03:45,43.2128,-75.4557,69.94,90,90,5.75
385,Ostersund,SE,2021-07-18 15:06:40,63.1792,14.6357,52.61,76,90,23.02
386,Chornukhy,UA,2021-07-18 15:06:41,50.2673,32.942,87.58,45,45,2.86
387,Fare,PF,2021-07-18 15:06:41,-16.7,-151.0167,78.21,76,100,19.3
388,Batagay,RU,2021-07-18 15:06:41,67.6333,134.6333,47.68,55,30,4.09
389,Kyaikkami,MM,2021-07-18 15:06:42,16.08,97.5675,80.65,82,99,12.37
390,Hammerfest,NO,2021-07-18 15:06:42,70.6634,23.6821,50.45,81,75,13.8
391,Mahanje,TZ,2021-07-18 15:06:42,-9.9333,35.3333,71.65,37,3,4.54
392,Kirkuk,IQ,2021-07-18 15:06:43,35.4681,44.3922,109.78,8,0,7.0
393,Saint Anthony,US,2021-07-18 15:06:43,45.0205,-93.218,81.09,62,1,1.01
394,Barrow,US,2021-07-18 15:06:43,71.2906,-156.7887,50.02,81,90,17.27
395,Turkistan,KZ,2021-07-18 15:06:44,43.0,68.0,91.53,15,0,10.02
396,Bintulu,MY,2021-07-18 15:06:44,3.1667,113.0333,80.15,85,23,5.44
397,Berea,US,2021-07-18 15:06:44,41.3662,-81.8543,78.49,68,40,1.99
398,Khorramshahr,IR,2021-07-18 15:06:45,30.4397,48.1664,107.44,27,8,13.38
399,Karratha,AU,2021-07-18 15:06:45,-20.7377,116.8463,69.44,42,0,6.17
400,Teguldet,RU,2021-07-18 15:06:45,57.3064,88.1667,57.31,99,100,5.3
401,Nizhniy Tsasuchey,RU,2021-07-18 15:06:46,50.5167,115.1333,60.67,92,100,9.55
402,Oksfjord,NO,2021-07-18 15:06:46,70.2396,22.3479,55.47,93,94,8.84
403,Bulolo,PG,2021-07-18 15:06:46,-7.2,146.65,68.38,98,98,2.37
404,Wajir,KE,2021-07-18 15:06:47,1.7471,40.0573,89.06,29,26,18.7
405,Tiksi,RU,2021-07-18 15:06:47,71.6872,128.8694,41.05,75,100,5.21
406,Wageningen,NL,2021-07-18 15:06:47,51.9667,5.6667,84.15,54,0,13.8
407,Mnogovershinnyy,RU,2021-07-18 15:06:48,53.9353,139.9242,60.17,54,34,4.81
408,Touros,BR,2021-07-18 15:06:48,-5.1989,-35.4608,85.1,62,78,15.5
409,Vostok,RU,2021-07-18 15:06:48,46.4856,135.8833,66.07,82,0,3.42
410,San Quintin,MX,2021-07-18 15:04:11,30.4833,-115.95,71.11,82,20,5.08
411,Sun Valley,US,2021-07-18 15:06:49,39.5963,-119.776,76.69,35,20,1.99
412,Herisau,CH,2021-07-18 15:06:49,47.3862,9.2792,76.24,92,99,3.8
413,Dicabisagan,PH,2021-07-18 15:06:49,17.0818,122.4157,80.22,89,100,6.24
414,Sept-Iles,CA,2021-07-18 15:06:37,50.2001,-66.3821,72.05,67,32,4.0
415,Gorodishche,RU,2021-07-18 15:06:50,48.8045,44.4744,94.08,27,40,8.95
416,Zyryanovsk,KZ,2021-07-18 15:06:50,49.7386,84.2719,68.65,53,100,3.33
417,Coruripe,BR,2021-07-18 15:06:51,-10.1256,-36.1756,79.75,74,12,8.95
418,Indramayu,ID,2021-07-18 15:06:51,-6.3264,108.32,81.21,73,11,5.41
419,Pointe Michel,DM,2021-07-18 15:06:52,15.25,-61.3833,81.19,82,21,14.74
420,Sheregesh,RU,2021-07-18 15:06:52,52.9209,87.9869,65.1,57,99,4.43
421,Marysville,US,2021-07-18 15:06:52,48.0518,-122.1771,65.3,79,1,1.01
422,Sarkand,KZ,2021-07-18 15:06:53,45.41,79.9186,70.79,25,100,3.74
423,Palatka,US,2021-07-18 15:06:53,29.6486,-81.6376,90.07,49,39,2.39
424,Altamira,BR,2021-07-18 15:06:53,-3.2033,-52.2064,90.18,48,20,3.42
425,Broken Hill,AU,2021-07-18 15:06:54,-31.95,141.4333,51.19,50,100,6.35
426,Dunedin,NZ,2021-07-18 15:06:54,-45.8742,170.5036,46.8,93,99,1.01
427,Necochea,AR,2021-07-18 15:06:54,-38.5473,-58.7368,49.03,71,8,25.99
428,Yarega,RU,2021-07-18 15:06:55,63.4354,53.5765,73.2,42,37,2.46
429,Uray,RU,2021-07-18 15:06:55,60.1247,64.7758,60.57,88,94,9.89
430,Arroyo,ES,2021-07-18 15:06:55,41.6096,-4.7969,91.44,20,0,9.22
431,Riachao Do Jacuipe,BR,2021-07-18 15:06:56,-11.8069,-39.3856,85.98,43,36,3.2
432,Petrovskaya,RU,2021-07-18 15:06:56,45.4314,37.955,84.69,39,0,12.39
433,Lac Du Bonnet,CA,2021-07-18 15:06:56,50.2536,-96.0612,80.58,31,54,9.73
434,Mali Zvornik,RS,2021-07-18 15:06:57,44.3734,19.1065,73.98,83,84,7.36
435,Maues,BR,2021-07-18 15:06:57,-3.3836,-57.7186,91.96,42,2,4.45
436,Qandala,SO,2021-07-18 15:06:57,11.472,49.8728,87.89,59,99,2.59
437,Mandalgovi,MN,2021-07-18 15:06:58,45.7625,106.2708,74.59,42,100,11.97
438,Jiblah,YE,2021-07-18 15:06:58,13.9216,44.1467,70.38,55,98,15.77
439,Aswan,EG,2021-07-18 15:02:05,24.0934,32.907,107.4,10,49,10.16
440,Chicama,PE,2021-07-18 15:06:59,-7.8447,-79.1469,64.94,73,77,6.13
441,Aguililla,MX,2021-07-18 15:06:59,18.7333,-102.7333,71.82,84,100,1.14
442,Jalu,LY,2021-07-18 15:06:59,29.0331,21.5482,95.13,24,0,14.32
443,Haskovo,BG,2021-07-18 15:04:12,41.9403,25.5694,91.02,28,59,18.81
444,Fergus Falls,US,2021-07-18 15:07:00,46.283,-96.0776,80.17,66,1,5.01
445,Bryansk,RU,2021-07-18 15:07:00,53.2875,34.3806,70.36,88,40,4.47
446,Sinnamary,GF,2021-07-18 15:07:01,5.3833,-52.95,83.53,73,71,6.62
447,Tanout,NE,2021-07-18 15:07:01,14.9709,8.8879,97.56,28,100,12.26
448,Henties Bay,NA,2021-07-18 15:07:01,-22.116,14.2845,82.85,38,2,8.43
449,Melita,CA,2021-07-18 15:07:02,49.2681,-100.9967,78.19,53,0,12.41
450,Kut Chap,TH,2021-07-18 15:07:02,17.4257,102.5669,84.63,91,100,5.21
451,Guider,CM,2021-07-18 15:07:02,9.9342,13.9486,88.11,50,99,11.48
452,Mazatlan,MX,2021-07-18 15:07:03,23.2167,-106.4167,86.02,78,90,3.0
453,Ancud,CL,2021-07-18 15:02:13,-41.8697,-73.8203,46.22,73,98,4.14
454,Grants,US,2021-07-18 15:07:04,35.1473,-107.8514,70.03,60,75,4.61
455,Opatija,HR,2021-07-18 15:07:04,45.3392,14.3083,81.91,76,100,12.03
456,Iquique,CL,2021-07-18 15:05:37,-20.2208,-70.1431,57.24,68,27,6.08
457,Saharsa,IN,2021-07-18 15:07:04,25.8833,86.6,85.98,72,100,3.87
458,Ust-Nera,RU,2021-07-18 15:07:05,64.5667,143.2,47.39,63,7,4.97
459,Bundaberg,AU,2021-07-18 15:07:05,-24.85,152.35,51.22,67,0,1.01
460,Vertientes,CU,2021-07-18 15:07:06,21.2594,-78.1464,84.4,69,25,14.32
461,Springbok,ZA,2021-07-18 15:07:06,-29.6643,17.8865,67.39,25,0,12.91
462,Akyab,MM,2021-07-18 15:07:06,20.15,92.9,82.13,83,100,7.47
463,Rognedino,RU,2021-07-18 15:07:07,53.8015,33.5576,83.34,61,56,6.06
464,Mehamn,NO,2021-07-18 15:07:07,71.0357,27.8492,53.78,85,97,12.73
465,Storforshei,NO,2021-07-18 15:07:07,66.4043,14.5233,52.66,71,75,12.66
466,Sampit,ID,2021-07-18 15:07:08,-2.5333,112.95,74.43,98,95,3.58
467,Shimoda,JP,2021-07-18 15:07:08,34.6667,138.95,75.11,92,3,6.49
468,Bathsheba,BB,2021-07-18 15:07:08,13.2167,-59.5167,86.61,70,40,18.41
469,Srandakan,ID,2021-07-18 15:07:09,-7.9386,110.2506,76.57,83,29,6.87
470,Salumbar,IN,2021-07-18 15:07:09,24.1333,74.05,86.54,70,100,6.29
471,Aguimes,ES,2021-07-18 15:07:09,27.9054,-15.4461,84.67,54,0,27.63
472,Baoro,CF,2021-07-18 15:07:10,5.6667,15.9667,78.64,71,71,5.48
473,Pangnirtung,CA,2021-07-18 15:07:10,66.1451,-65.7125,53.73,67,100,3.51
474,Caravelas,BR,2021-07-18 15:07:10,-17.7125,-39.2481,82.06,46,0,8.19
475,Alibag,IN,2021-07-18 15:07:11,18.6411,72.8792,82.47,86,100,9.57
476,Praia Da Vitoria,PT,2021-07-18 15:07:11,38.7333,-27.0667,72.75,80,9,7.0
477,Brainerd,US,2021-07-18 15:07:11,46.358,-94.2008,79.05,47,1,3.44
478,Mitchell,US,2021-07-18 15:07:12,43.7094,-98.0298,75.74,80,1,5.99
479,Oistins,BB,2021-07-18 15:07:12,13.0667,-59.5333,86.09,70,40,18.41
480,Valdivia,CL,2021-07-18 15:07:13,-39.8142,-73.2459,32.09,68,13,2.1
481,Berdigestyakh,RU,2021-07-18 15:07:13,62.0989,126.6992,62.02,59,18,5.06
482,Leningradskiy,RU,2021-07-18 15:07:13,69.3833,178.4167,36.16,95,100,9.08
483,Yuncheng,CN,2021-07-18 15:07:14,35.0231,110.9928,76.53,84,100,3.62
484,Chokwe,MZ,2021-07-18 15:07:14,-24.5333,32.9833,66.9,51,41,10.07
485,Saint-Louis,SN,2021-07-18 15:07:14,16.3333,-15.0,101.44,27,9,5.82
486,Straumen,NO,2021-07-18 15:07:15,63.8709,11.2999,56.62,88,99,15.46
487,Granadilla De Abona,ES,2021-07-18 15:04:30,28.1188,-16.576,84.76,61,0,9.22
488,Pingshan,CN,2021-07-18 15:07:15,22.9938,114.7131,78.13,83,100,4.68
489,The Pas,CA,2021-07-18 15:04:16,53.8251,-101.2541,60.82,94,90,9.44
490,Jiuquan,CN,2021-07-18 15:07:16,39.7432,98.5174,85.17,19,0,1.5
491,Masterton,NZ,2021-07-18 15:07:16,-40.9597,175.6575,49.96,98,100,1.54
492,Isfana,KG,2021-07-18 15:07:16,39.8386,69.5306,70.36,59,85,5.28
493,Nanortalik,GL,2021-07-18 15:07:17,60.1432,-45.2371,47.93,97,100,16.93
494,Obo,CF,2021-07-18 15:07:17,5.3998,26.4869,74.52,92,65,5.93
495,Brazzaville,CG,2021-07-18 15:07:17,-4.2658,15.2832,97.47,20,25,2.19
496,Esna,EG,2021-07-18 15:07:18,25.2934,32.554,108.34,9,6,5.88
497,Sladkovo,RU,2021-07-18 15:07:18,55.5284,70.3385,61.86,69,66,2.3
498,Vestmannaeyjar,IS,2021-07-18 15:07:18,63.4427,-20.2734,50.99,87,90,16.11
499,Saurimo,AO,2021-07-18 15:07:19,-9.6608,20.3916,84.7,15,69,5.53
500,Krasnoselkup,RU,2021-07-18 15:07:19,65.7,82.4667,56.55,61,9,7.16
501,Babstovo,RU,2021-07-18 15:07:19,48.1167,132.4833,70.36,77,73,1.45
502,Kaseda,JP,2021-07-18 15:07:20,31.4167,130.3167,78.24,87,100,12.03
503,Izhma,RU,2021-07-18 15:07:20,65.0083,53.9113,68.88,54,100,2.68
504,Penapolis,BR,2021-07-18 15:03:15,-21.4197,-50.0775,75.34,25,98,10.87
505,Boqueirao,BR,2021-07-18 15:07:21,-7.5,-36.1333,88.02,39,26,11.97
506,Manokwari,ID,2021-07-18 15:07:21,-0.8667,134.0833,75.38,90,100,6.2
507,Yangjiang,CN,2021-07-18 15:07:21,21.85,111.9667,78.84,85,100,4.56
508,Tezu,IN,2021-07-18 15:07:22,27.9167,96.1667,77.7,98,99,2.24
509,Magnitogorsk,RU,2021-07-18 15:07:22,53.4186,59.0472,79.63,50,75,4.47
510,Zheleznodorozhnyy,RU,2021-07-18 15:02:24,55.7503,38.0042,85.55,46,98,7.09
511,Dingle,PH,2021-07-18 15:03:19,10.9995,122.6711,77.29,87,100,6.64
512,Okhotsk,RU,2021-07-18 15:07:23,59.3833,143.3,59.59,84,12,5.75
513,Washougal,US,2021-07-18 15:07:23,45.5826,-122.3534,68.14,78,1,0.0
514,Quelimane,MZ,2021-07-18 15:07:23,-17.8786,36.8883,70.27,70,33,8.95
515,Eureka,US,2021-07-18 15:07:24,40.8021,-124.1637,54.21,91,0,3.22
516,Northam,GB,2021-07-18 15:07:24,51.0333,-4.2167,83.12,70,0,2.91
517,Port Blair,IN,2021-07-18 15:07:25,11.6667,92.75,80.58,86,100,20.0
518,Rio Gallegos,AR,2021-07-18 15:07:25,-51.6226,-69.2181,44.65,57,0,11.5
519,Marienburg,PL,2021-07-18 15:07:26,54.0359,19.0266,83.84,42,10,13.31
520,Cerro Largo,BR,2021-07-18 15:07:26,-28.1486,-54.7381,51.3,43,0,12.73
521,Terrenate,MX,2021-07-18 15:07:26,19.4833,-97.9167,57.06,58,4,6.02
522,Sheltozero,RU,2021-07-18 15:07:27,61.3667,35.3667,80.02,40,0,8.39
523,Taltal,CL,2021-07-18 15:07:27,-25.4,-70.4833,60.33,65,100,2.48
524,Xining,CN,2021-07-18 15:07:27,36.6167,101.7667,56.1,84,7,1.86
525,Magadan,RU,2021-07-18 15:07:28,59.5667,150.8,53.85,85,60,7.61
526,Novyye Burasy,RU,2021-07-18 15:07:28,52.1324,46.0714,87.84,46,19,5.48
527,Hovd,MN,2021-07-18 15:07:28,48.0056,91.6419,57.52,70,87,17.76
528,Guerrero Negro,MX,2021-07-18 15:07:29,27.9769,-114.0611,71.55,77,0,7.7
529,La Asuncion,VE,2021-07-18 15:07:29,11.0333,-63.8628,82.2,74,0,12.03
530,Sugar Land,US,2021-07-18 15:04:07,29.6197,-95.6349,89.89,75,20,5.75
531,Tiarei,PF,2021-07-18 15:07:30,-17.5333,-149.3333,71.62,78,100,24.94
532,Uglegorskiy,RU,2021-07-18 15:07:30,48.2427,41.2531,99.79,27,14,6.17
533,Ivdel,RU,2021-07-18 15:07:30,60.6911,60.4206,69.69,70,80,3.31
534,Pisco,PE,2021-07-18 15:07:31,-13.7,-76.2167,62.65,82,90,2.3
535,Bunol,ES,2021-07-18 15:07:31,39.4167,-0.7833,85.82,51,1,11.9
536,Lavrentiya,RU,2021-07-18 15:07:31,65.5833,-171.0,44.15,97,99,7.16
537,Zaqatala,AZ,2021-07-18 15:07:32,41.6336,46.6433,90.07,35,0,4.61
538,Estelle,US,2021-07-18 15:07:32,29.8458,-90.1067,89.01,73,75,3.44
539,Tancheng,CN,2021-07-18 15:07:32,27.4375,115.4976,77.07,85,73,1.9
540,Osakarovka,KZ,2021-07-18 15:07:33,50.565,72.5692,64.6,68,8,9.69
541,La Libertad,EC,2021-07-18 15:07:33,-2.2333,-80.9,71.15,80,86,9.15
542,Ghanzi,BW,2021-07-18 15:07:34,-21.5667,21.7833,66.78,20,0,9.62
543,Wanaka,NZ,2021-07-18 15:07:34,-44.7,169.15,40.1,99,100,1.1
544,Durban,ZA,2021-07-18 15:06:37,-29.8579,31.0292,67.01,68,0,1.99
545,Dumas,US,2021-07-18 15:07:35,35.8656,-101.9732,81.61,73,1,5.75
546,Baykit,RU,2021-07-18 15:07:35,61.67,96.37,57.42,91,70,3.13
547,Mizdah,LY,2021-07-18 15:07:36,31.4451,12.9801,89.11,19,0,22.93
548,Aginskoye,RU,2021-07-18 15:07:36,51.1,114.53,58.64,88,100,5.64
549,Iqaluit,CA,2021-07-18 15:00:38,63.7506,-68.5145,45.7,61,83,8.01
550,Atuona,PF,2021-07-18 15:04:35,-9.8,-139.0333,77.67,73,23,28.01
551,Rikitea,PF,2021-07-18 15:04:35,-23.1203,-134.9692,71.02,64,100,28.05
552,Thompson,CA,2021-07-18 15:01:47,55.7435,-97.8558,53.8,57,100,7.94
553,Poplar Bluff,US,2021-07-18 15:04:36,36.757,-90.3929,78.53,89,90,11.5
554,Canarana,BR,2021-07-18 15:04:36,-11.6847,-41.7689,87.01,27,0,4.74
555,Norman Wells,CA,2021-07-18 15:04:37,65.282,-126.8329,65.44,45,57,4.76
556,Laje,BR,2021-07-18 15:04:37,-10.1833,-40.9667,84.49,37,1,8.79
557,Ahuimanu,US,2021-07-18 15:04:37,21.4447,-157.8378,78.51,72,20,12.66
558,Carnarvon,AU,2021-07-18 15:04:38,-24.8667,113.6333,62.67,50,90,8.05
559,Airai,TL,2021-07-18 15:00:52,-8.9266,125.4092,57.61,64,84,2.77
560,Saskylakh,RU,2021-07-18 15:04:38,71.9167,114.0833,62.35,52,100,9.6
561,Chokurdakh,RU,2021-07-18 15:04:39,70.6333,147.9167,38.12,83,58,8.03
562,Clyde River,CA,2021-07-18 15:04:39,70.4692,-68.5914,36.52,80,100,8.1
563,Grindavik,IS,2021-07-18 15:04:39,63.8424,-22.4338,49.55,87,90,9.22
564,Roros,NO,2021-07-18 15:04:40,62.5747,11.3842,49.84,66,75,24.16
565,Busselton,AU,2021-07-18 15:04:40,-33.65,115.3333,49.08,76,2,9.53
566,Bull Savanna,JM,2021-07-18 15:04:41,17.8868,-77.5902,84.09,63,95,8.23
567,Dikson,RU,2021-07-18 15:04:41,73.5069,80.5464,35.78,86,21,11.01
568,Manicore,BR,2021-07-18 15:04:41,-5.8092,-61.3003,92.7,40,0,3.74
569,Oktyabrskoye,RU,2021-07-18 15:04:42,43.0645,44.7417,91.54,34,1,6.71
570,Ushuaia,AR,2021-07-18 14:59:49,-54.8,-68.3,40.66,70,75,17.27
571,Loukhi,RU,2021-07-18 15:04:42,66.0764,33.0381,58.84,92,95,10.74
572,Mocuba,MZ,2021-07-18 15:02:49,-16.8392,36.9856,67.03,77,100,3.0
573,Nikolskoye,RU,2021-07-18 15:01:21,59.7035,30.7861,82.29,30,4,6.58
574,Albany,US,2021-07-18 15:04:43,42.6001,-73.9662,72.75,95,100,4.59
575,Vaini,TO,2021-07-18 15:04:43,-21.2,-175.2,73.56,94,20,4.61
576,Upernavik,GL,2021-07-18 15:04:44,72.7868,-56.1549,39.81,78,41,14.79
577,Chuy,UY,2021-07-18 15:04:44,-33.6971,-53.4616,43.68,90,100,24.36
578,Tuatapere,NZ,2021-07-18 15:04:44,-46.1333,167.6833,43.57,92,48,3.94
579,Coihaique,CL,2021-07-18 15:04:45,-45.5752,-72.0662,41.61,70,90,5.75
580,Nadym,RU,2021-07-18 15:04:45,65.5333,72.5167,64.87,51,85,2.91
581,San Blas,MX,2021-07-18 15:04:45,21.5167,-105.2667,84.09,78,100,1.43
582,Itarantim,BR,2021-07-18 15:04:46,-15.6597,-40.0656,87.42,30,0,1.92
583,New Norfolk,AU,2021-07-18 15:04:46,-42.7826,147.0587,51.3,80,100,1.01
584,Qaanaaq,GL,2021-07-18 15:04:46,77.484,-69.3632,36.1,86,100,5.68
585,Punta Arenas,CL,2021-07-18 15:03:44,-53.15,-70.9167,37.11,93,100,6.78
586,Nacogdoches,US,2021-07-18 15:00:14,31.6002,-94.6335,85.71,82,10,4.05
587,Clarence Town,AU,2021-07-18 15:04:47,-32.5833,151.7833,50.56,80,70,3.96
588,Kavieng,PG,2021-07-18 15:04:47,-2.5744,150.7967,81.82,77,90,12.3
589,Pueblo Nuevo,MX,2021-07-18 15:04:48,23.3833,-105.3833,66.63,63,86,3.38
590,Zharkent,KZ,2021-07-18 15:04:48,44.1628,80.0,78.71,22,91,4.52
591,Sao Filipe,CV,2021-07-18 15:04:48,14.8961,-24.4956,74.75,85,31,7.25
592,Khatanga,RU,2021-07-18 15:04:49,71.9667,102.5,61.59,73,100,8.28
593,Hofn,IS,2021-07-18 15:04:49,64.2539,-15.2082,53.98,83,34,13.06
594,Bure,ET,2021-07-18 15:04:49,10.7,37.0667,60.35,93,95,2.37
595,Kargasok,RU,2021-07-18 15:04:50,59.0556,80.8572,56.39,87,37,5.46
596,Kruisfontein,ZA,2021-07-18 15:04:50,-34.0033,24.7314,67.15,25,0,4.63
597,Cape Town,ZA,2021-07-18 14:59:53,-33.9258,18.4232,77.41,29,0,13.8
598,Avarua,CK,2021-07-18 15:04:51,-21.2078,-159.775,75.25,83,11,5.75
599,Vokhma,RU,2021-07-18 15:04:51,58.9303,46.7586,78.03,49,0,3.13
600,Tiznit,MA,2021-07-18 15:04:51,29.5833,-9.5,103.5,8,3,16.91
601,Mokhsogollokh,RU,2021-07-18 15:04:52,61.4681,128.9203,62.28,71,7,2.35
602,Ahipara,NZ,2021-07-18 15:04:52,-35.1667,173.1667,56.17,91,19,16.64
603,Hermanus,ZA,2021-07-18 15:00:44,-34.4187,19.2345,67.8,60,6,2.19
604,Luderitz,NA,2021-07-18 15:04:52,-26.6481,15.1594,75.56,35,0,8.72
605,Hilo,US,2021-07-18 15:00:27,19.7297,-155.09,72.81,95,79,4.43
606,Vila Franca Do Campo,PT,2021-07-18 15:04:53,37.7167,-25.4333,73.81,62,1,9.37
607,Arraial Do Cabo,BR,2021-07-18 15:04:54,-22.9661,-42.0278,75.06,83,75,10.36
608,San Patricio,US,2021-07-18 15:04:54,28.017,-97.5169,88.88,67,7,6.51
609,Tigil,RU,2021-07-18 15:04:54,57.8,158.6667,53.28,96,100,6.78
610,Fukue,JP,2021-07-18 15:04:55,32.6881,128.8419,79.61,84,100,10.47
611,Esperance,AU,2021-07-18 15:04:55,-33.8667,121.9,55.02,82,15,13.87
612,Vao,NC,2021-07-18 15:04:55,-22.6667,167.4833,69.87,76,100,16.46
613,Kommunar,RU,2021-07-18 15:04:56,59.6206,30.39,81.93,32,0,6.38
614,Lorengau,PG,2021-07-18 15:01:16,-2.0226,147.2712,80.28,78,99,4.27
615,East London,ZA,2021-07-18 15:04:56,-33.0153,27.9116,66.06,61,1,19.46
616,Mardin,TR,2021-07-18 15:04:56,37.3131,40.7436,100.51,11,0,9.22
617,Darhan,MN,2021-07-18 15:04:57,49.4867,105.9228,60.24,93,100,6.91
618,Ilulissat,GL,2021-07-18 15:04:57,69.2167,-51.1,53.62,50,75,5.75
619,Jaszkiser,HU,2021-07-18 15:04:57,47.45,20.2167,91.4,31,47,8.37
620,Sorland,NO,2021-07-18 15:04:58,67.667,12.6934,51.66,86,100,16.44
621,Fortuna,US,2021-07-18 15:01:15,40.5982,-124.1573,55.92,94,90,1.01
622,Jamestown,US,2021-07-18 15:01:02,42.097,-79.2353,72.18,78,87,9.08
623,Atar,MR,2021-07-18 15:04:58,20.5169,-13.0499,112.6,11,11,8.48
624,Bilibino,RU,2021-07-18 15:04:59,68.0546,166.4372,43.93,77,100,1.92
625,Kapaa,US,2021-07-18 15:04:59,22.0752,-159.319,79.12,83,75,16.11
626,Chalus,IR,2021-07-18 15:04:59,36.655,51.4204,85.08,76,20,4.23
627,Ballina,AU,2021-07-18 15:05:00,-28.8667,153.5667,51.78,73,91,6.04
628,Manggar,ID,2021-07-18 15:05:00,-2.8833,108.2667,81.3,80,77,7.4
629,Nome,US,2021-07-18 15:02:52,64.5011,-165.4064,48.16,97,100,4.18
630,Albania,AL,2021-07-18 15:03:59,41.0,20.0,78.19,92,100,2.91
631,Suntar,RU,2021-07-18 15:05:01,62.1444,117.6319,72.27,64,96,8.05
632,Puerto Ayora,EC,2021-07-18 15:05:01,-0.7393,-90.3518,71.55,94,99,11.01
633,Stokmarknes,NO,2021-07-18 15:05:03,68.5646,14.9108,54.37,86,75,17.27
634,Nayoro,JP,2021-07-18 15:05:04,44.3506,142.4578,67.78,98,15,2.55
635,Alberton,CA,2021-07-18 15:05:04,46.8168,-64.0654,71.47,66,97,1.28
636,Hithadhoo,MV,2021-07-18 15:01:06,-0.6,73.0833,82.17,75,20,6.2
637,Severo-Kurilsk,RU,2021-07-18 15:05:05,50.6789,156.125,53.24,97,100,8.57
638,Saint-Philippe,RE,2021-07-18 15:00:58,-21.3585,55.7679,71.19,85,67,15.21
639,Lata,PT,2021-07-18 15:05:06,40.1629,-8.3327,86.49,46,0,11.99
640,Nova Venecia,BR,2021-07-18 15:02:58,-18.7106,-40.4006,86.25,35,0,5.3
641,Cayenne,GF,2021-07-18 15:00:07,4.9333,-52.3333,87.84,73,75,3.0
642,Kamenka,RU,2021-07-18 15:05:06,51.3223,42.7678,86.2,43,29,7.56
643,Bethel,US,2021-07-18 15:05:06,41.3712,-73.414,80.04,88,90,4.61
644,Lagos,NG,2021-07-18 15:03:54,6.5833,3.75,82.22,69,100,9.1
645,Kochinda,IN,2021-07-18 15:05:07,21.7333,84.35,83.66,69,89,5.37
646,Victoria,HK,2021-07-18 15:04:44,22.2855,114.1577,84.96,88,100,1.01
647,Oussouye,SN,2021-07-18 15:05:07,12.485,-16.5469,88.09,61,98,7.09
648,Taitung,TW,2021-07-18 15:05:08,22.7583,121.1444,81.27,79,100,2.93
649,Tuktoyaktuk,CA,2021-07-18 15:01:19,69.4541,-133.0374,45.03,89,72,15.9
650,Klaksvik,FO,2021-07-18 15:05:08,62.2266,-6.589,52.72,85,15,5.48
651,Port Alfred,ZA,2021-07-18 15:05:09,-33.5906,26.891,66.0,59,34,17.29
652,Katsuura,JP,2021-07-18 15:00:56,35.1333,140.3,81.1,93,49,8.93
653,Hami,CN,2021-07-18 15:05:09,42.8,93.45,82.4,30,100,10.65
654,Trebukhiv,UA,2021-07-18 15:05:09,50.4843,30.903,89.13,47,40,8.95
655,Labuhan,ID,2021-07-18 15:05:10,-6.8844,112.2051,78.53,79,8,6.22
656,Faya,SA,2021-07-18 15:05:10,18.3851,42.4509,75.72,36,90,12.15
657,Pelym,RU,2021-07-18 15:05:11,61.0108,61.9978,73.81,54,54,7.45
658,Bluff,NZ,2021-07-18 15:05:11,-46.6,168.3333,44.65,88,67,9.26
659,Hasaki,JP,2021-07-18 15:01:09,35.7333,140.8333,75.6,94,21,11.25
660,Mataura,NZ,2021-07-18 15:05:12,-46.1927,168.8643,42.22,97,79,4.12
661,Mount Isa,AU,2021-07-18 15:01:03,-20.7333,139.5,55.17,47,7,6.91
662,Beloha,MG,2021-07-18 15:02:46,-25.1667,45.05,71.51,67,0,11.39
663,Olafsvik,IS,2021-07-18 15:05:12,64.8945,-23.7142,51.66,82,63,12.57
664,Longyearbyen,SJ,2021-07-18 15:05:13,78.2186,15.6401,40.84,100,75,5.75
665,Port Moresby,PG,2021-07-18 15:05:13,-9.4431,147.1797,75.51,89,37,5.37
666,Mitsamiouli,KM,2021-07-18 15:05:13,-11.3847,43.2844,77.4,70,19,12.53
667,Souillac,MU,2021-07-18 15:05:14,-20.5167,57.5167,68.36,72,42,15.82
668,Bambous Virieux,MU,2021-07-18 15:05:14,-20.3428,57.7575,68.22,69,81,17.05
669,Chulman,RU,2021-07-18 15:05:14,56.8479,124.9104,60.49,65,100,3.13
670,Mar Del Plata,AR,2021-07-18 15:02:31,-38.0023,-57.5575,51.1,48,60,14.0
671,Mokhotlong,LS,2021-07-18 15:05:15,-29.2894,29.0675,48.11,23,0,3.67
672,Pocatello,US,2021-07-18 15:00:32,42.8713,-112.4455,84.67,20,5,7.0
673,Solnechnyy,RU,2021-07-18 15:05:16,50.7214,136.6319,68.9,74,100,3.47
674,Port Elizabeth,ZA,2021-07-18 15:01:16,-33.918,25.5701,68.2,40,0,10.25
675,Cap Malheureux,MU,2021-07-18 15:05:16,-19.9842,57.6142,68.47,82,4,8.01
676,Willowmore,ZA,2021-07-18 15:05:17,-33.2926,23.4895,63.45,22,0,8.05
677,Hobart,AU,2021-07-18 15:00:44,-42.8794,147.3294,51.06,79,100,7.0
678,Ilheus,BR,2021-07-18 15:05:17,-14.7889,-39.0494,80.67,57,0,6.71
679,Artesia,US,2021-07-18 15:05:18,33.8658,-118.0831,82.08,80,1,1.01
680,Sitka,US,2021-07-18 15:05:18,57.0531,-135.33,57.09,88,75,3.44
681,Tabou,CI,2021-07-18 15:05:18,4.423,-7.3528,79.93,66,78,7.94
682,Kodiak,US,2021-07-18 15:05:19,57.79,-152.4072,58.51,77,1,4.61
683,Astara,AZ,2021-07-18 15:05:19,38.5,48.6667,77.7,58,14,0.78
684,Mahebourg,MU,2021-07-18 15:01:06,-20.4081,57.7,68.25,69,74,17.29
685,Faanui,PF,2021-07-18 15:05:20,-16.4833,-151.75,79.36,72,100,23.06
686,Egvekinot,RU,2021-07-18 15:03:28,66.3167,-179.1667,42.21,97,100,4.83
687,Sovetskiy,RU,2021-07-18 15:05:20,61.3614,63.5842,69.76,66,68,1.32
688,Yulara,AU,2021-07-18 15:05:20,-25.2406,130.9889,46.24,66,0,3.44
689,Ponta Do Sol,PT,2021-07-18 15:05:21,32.6667,-17.1,84.7,70,2,3.6
690,Sakakah,SA,2021-07-18 15:05:21,29.9697,40.2064,108.25,9,0,3.89
691,Tessalit,ML,2021-07-18 15:05:21,20.1986,1.0114,109.15,9,47,2.89
692,Camacha,PT,2021-07-18 15:05:22,33.0833,-16.3333,77.76,64,20,14.97
693,Rawson,AR,2021-07-18 15:05:22,-43.3002,-65.1023,45.81,51,7,18.01
694,Paragominas,BR,2021-07-18 15:05:22,-2.9667,-47.4833,90.81,47,17,3.29
695,Saint-Pierre,RE,2021-07-18 15:05:23,-21.3393,55.4781,71.28,85,90,14.97
696,Vardo,NO,2021-07-18 15:02:04,70.3705,31.1107,57.4,82,75,3.44
697,Antalaha,MG,2021-07-18 15:05:23,-14.9003,50.2788,72.36,78,18,12.28
698,Pochutla,MX,2021-07-18 15:05:24,15.7432,-96.4661,83.82,63,100,0.85
699,Antigonish,CA,2021-07-18 15:01:50,45.6169,-61.9986,81.12,52,58,5.1
700,Vidim,RU,2021-07-18 15:05:24,56.4088,103.1106,56.1,73,33,1.61
701,Thinadhoo,MV,2021-07-18 15:03:12,0.5333,72.9333,82.8,69,20,1.3
702,Fairbanks,US,2021-07-18 15:01:50,64.8378,-147.7164,64.22,78,90,3.0
703,Tautira,PF,2021-07-18 15:01:40,-17.7333,-149.15,71.62,76,100,23.98
704,Sabla,NG,2021-07-18 15:05:25,12.7525,4.7077,96.22,36,41,9.78
705,Nantucket,US,2021-07-18 15:03:19,41.2835,-70.0995,82.26,78,75,11.5
706,Suez,EG,2021-07-18 15:05:26,29.9737,32.5263,102.92,18,0,5.77
707,Bac Lieu,VN,2021-07-18 15:05:26,9.285,105.7244,76.21,83,100,5.1
708,Port-Gentil,GA,2021-07-18 15:01:11,-0.7193,8.7815,75.63,75,12,10.31
709,Kailua,US,2021-07-18 15:02:08,21.4022,-157.7394,78.03,72,22,20.0
710,Jibuti,DJ,2021-07-18 15:04:07,11.5,42.5,89.02,24,39,5.21
711,Bowen,AU,2021-07-18 15:05:27,-20.0167,148.2333,60.89,71,19,6.64
712,Tsaratanana,MG,2021-07-18 15:05:27,-16.7833,47.65,72.19,62,26,9.64
713,Beringovskiy,RU,2021-07-18 15:05:27,63.05,179.3167,49.19,91,13,9.24
714,Shakawe,BW,2021-07-18 15:05:28,-18.3667,21.85,73.81,19,1,7.27
715,Port Lincoln,AU,2021-07-18 15:00:48,-34.7333,135.8667,53.02,82,98,11.59
716,Tura,IN,2021-07-18 15:01:55,25.5198,90.2201,75.79,96,100,3.4
717,Rawlins,US,2021-07-18 15:05:19,41.7911,-107.2387,71.82,37,1,4.61
718,Meulaboh,ID,2021-07-18 15:05:29,4.1363,96.1285,78.3,78,23,1.39
719,Carutapera,BR,2021-07-18 15:05:29,-1.195,-46.02,86.13,64,9,5.35
720,Chazuta,PE,2021-07-18 15:05:29,-6.5742,-76.1367,81.45,76,88,1.7
721,Mungwi,ZM,2021-07-18 15:05:30,-10.1732,31.3694,71.98,27,67,7.2
722,Namibe,AO,2021-07-18 15:05:30,-15.1961,12.1522,72.16,75,5,9.66
723,Omboue,GA,2021-07-18 15:05:30,-1.5746,9.2618,77.94,68,8,11.88
724,Nhulunbuy,AU,2021-07-18 15:03:15,-12.2333,136.7667,74.01,83,6,8.05
725,Port Hardy,CA,2021-07-18 15:03:11,50.6996,-127.4199,54.73,81,70,2.95
726,Havelock,US,2021-07-18 15:05:31,34.8791,-76.9013,87.98,79,92,5.99
727,Bardiyah,LY,2021-07-18 15:05:31,31.7561,25.0865,81.09,62,0,15.28
728,Poum,NC,2021-07-18 15:05:32,-20.2333,164.0167,73.69,82,42,18.72
729,Buraydah,SA,2021-07-18 15:05:32,26.326,43.975,99.45,16,78,21.7
730,Axim,GH,2021-07-18 15:05:32,4.8699,-2.2405,80.08,65,83,9.37
731,Lagoa,PT,2021-07-18 15:05:33,39.05,-27.9833,68.54,72,0,17.52
732,Codrington,AU,2021-07-18 15:02:29,-38.2667,141.9667,46.94,95,100,8.48
733,Barentu,ER,2021-07-18 15:05:33,15.1139,37.5928,76.73,59,98,7.83
734,Santarem,BR,2021-07-18 15:03:58,-2.4431,-54.7083,90.14,47,8,5.99
735,Sao Joao Da Barra,BR,2021-07-18 15:02:59,-21.6403,-41.0511,77.67,64,0,6.29
736,Bocas Del Toro,PA,2021-07-18 15:05:34,9.3333,-82.25,85.08,77,100,9.6
737,Castro,BR,2021-07-18 15:01:13,-24.7911,-50.0119,53.76,53,6,12.17
738,Yingkou,CN,2021-07-18 15:05:34,40.6648,122.2283,74.93,88,6,5.95
739,Richards Bay,ZA,2021-07-18 15:00:45,-28.783,32.0377,63.91,65,0,4.21
740,Cherskiy,RU,2021-07-18 15:05:35,68.75,161.3,45.7,61,100,5.61
741,Ponta Delgada,PT,2021-07-18 15:03:10,37.7333,-25.6667,74.12,68,20,11.5
742,Lieto,FI,2021-07-18 15:05:36,60.5103,22.4618,73.02,45,0,11.5
743,San Vicente,AR,2021-07-18 15:05:36,-26.6167,-54.1333,49.48,35,0,6.31
744,Urumqi,CN,2021-07-18 15:05:36,43.801,87.6005,74.35,33,0,2.24
745,Huarmey,PE,2021-07-18 15:05:37,-10.0681,-78.1522,67.53,71,49,7.58
746,La Orilla,MX,2021-07-18 15:05:37,17.9833,-102.2333,79.7,87,100,3.91
747,Marzuq,YE,2021-07-18 15:05:37,14.4,46.4667,84.72,44,72,8.86
748,Hualmay,PE,2021-07-18 15:05:38,-11.0964,-77.6139,66.27,72,30,8.7
749,Luau,AO,2021-07-18 15:05:38,-10.7073,22.2247,81.88,18,30,5.41
750,Lompoc,US,2021-07-18 15:05:38,34.6391,-120.4579,64.08,97,90,0.0
751,Tombouctou,ML,2021-07-18 15:05:39,20.0,-3.0,112.6,8,8,4.65
752,Broome,US,2021-07-18 15:02:51,42.2506,-75.833,69.01,96,90,1.99
753,Pacific Grove,US,2021-07-18 15:02:56,36.6177,-121.9166,68.16,94,40,1.01
754,Oranjemund,NA,2021-07-18 15:05:39,-28.55,16.4333,77.92,26,0,8.3
755,Yellowknife,CA,2021-07-18 15:05:40,62.456,-114.3525,61.29,66,64,5.17
756,Alta Floresta,BR,2021-07-18 15:05:40,-9.8756,-56.0861,93.72,24,0,6.85
757,Kalmunai,LK,2021-07-18 15:05:41,7.4167,81.8167,82.08,77,65,5.08
758,Salalah,OM,2021-07-18 15:05:41,17.0151,54.0924,77.09,94,90,6.91
759,Lewisporte,CA,2021-07-18 15:05:41,49.2499,-55.0482,80.13,37,6,8.5
760,Saint George,US,2021-07-18 15:05:42,37.1041,-113.5841,92.53,47,20,3.44
761,Alofi,NU,2021-07-18 15:05:42,-19.0595,-169.9187,76.53,77,21,18.63
762,Turukhansk,RU,2021-07-18 15:05:42,65.8167,87.9833,56.28,66,100,5.06
763,Bagn,NO,2021-07-18 15:05:43,60.8225,9.5521,67.62,42,98,6.35
764,Mount Gambier,AU,2021-07-18 15:05:43,-37.8333,140.7667,45.43,98,100,5.32
765,Aklavik,CA,2021-07-18 15:05:43,68.2191,-135.0107,57.92,78,97,15.14
766,Hella,NO,2021-07-18 15:05:44,67.2,14.4333,51.76,89,75,23.02
767,Arrecife,ES,2021-07-18 15:05:44,28.963,-13.5477,94.98,34,0,20.71
768,Moerai,PF,2021-07-18 15:05:44,-22.4333,-151.3333,74.17,80,100,29.33
769,Paracuru,BR,2021-07-18 15:05:45,-3.41,-39.0306,86.02,57,85,14.58
770,Butaritari,KI,2021-07-18 15:05:45,3.0707,172.7902,81.93,79,97,11.9
771,Xai-Xai,MZ,2021-07-18 15:05:46,-25.0519,33.6442,67.68,56,62,11.63
772,Minot,US,2021-07-18 15:05:46,48.2325,-101.2963,82.62,66,1,5.99
773,Bonthe,SL,2021-07-18 15:03:06,7.5264,-12.505,80.64,78,100,7.99
774,Xinpu,CN,2021-07-18 15:05:46,34.5997,119.1594,73.92,95,8,6.91
775,Zhanakorgan,KZ,2021-07-18 15:05:47,43.9098,67.2495,91.65,13,0,10.51
776,Port Augusta,AU,2021-07-18 15:05:47,-32.5,137.7667,41.14,55,100,3.94
777,Corowa,AU,2021-07-18 15:05:47,-36.0333,146.3833,47.41,91,100,2.28
778,Sangar,RU,2021-07-18 15:05:48,63.9242,127.4739,56.57,66,100,2.55
779,Aguada De Pasajeros,CU,2021-07-18 15:05:48,22.385,-80.8508,86.14,56,0,10.74
780,Bredasdorp,ZA,2021-07-18 15:05:48,-34.5322,20.0403,67.28,62,4,2.53
781,Bermeo,ES,2021-07-18 15:05:49,43.4209,-2.7215,84.85,68,0,6.06
782,Pag,HR,2021-07-18 15:05:49,44.445,15.0575,86.58,64,62,12.12
783,Lumeje,AO,2021-07-18 15:05:49,-11.55,20.7833,79.74,19,21,8.32
784,Bengkulu,ID,2021-07-18 15:05:50,-3.8004,102.2655,76.93,89,17,4.41
785,Kaitangata,NZ,2021-07-18 15:05:50,-46.2817,169.8464,45.19,91,98,7.11
786,Husavik,IS,2021-07-18 15:05:51,66.0449,-17.3389,57.36,71,17,6.13
787,Hearst,CA,2021-07-18 15:05:51,49.6835,-83.6665,66.67,56,0,4.83
788,Orje,NO,2021-07-18 15:05:51,59.4802,11.6602,75.79,39,98,5.28
789,Wanning,CN,2021-07-18 15:05:52,18.8003,110.3967,79.92,87,100,2.62
790,Dubbo,AU,2021-07-18 15:04:49,-32.25,148.6167,37.53,93,40,3.44
791,Salinopolis,BR,2021-07-18 15:03:43,-0.6136,-47.3561,84.87,67,4,9.33
792,Antofagasta,CL,2021-07-18 15:05:52,-23.65,-70.4,66.22,58,87,3.89
793,Georgetown,MY,2021-07-18 15:05:53,5.4112,100.3354,84.88,60,20,4.61
794,Barrie,CA,2021-07-18 15:05:53,44.4001,-79.6663,80.51,77,67,8.61
795,Pitea,SE,2021-07-18 15:05:53,65.3172,21.4794,69.1,47,94,8.5
796,Provideniya,RU,2021-07-18 15:01:14,64.3833,-173.3,46.74,99,100,4.94
797,Luganville,VU,2021-07-18 15:01:15,-15.5333,167.1667,76.41,80,16,4.32
798,Port Shepstone,ZA,2021-07-18 15:05:54,-30.7414,30.455,65.16,70,0,12.48
799,Tasiilaq,GL,2021-07-18 15:01:23,65.6145,-37.6368,44.76,73,100,4.92
800,Xihua,CN,2021-07-18 15:05:55,33.7833,114.5167,76.66,92,74,10.4
801,Narsaq,GL,2021-07-18 15:05:55,60.9167,-46.05,55.62,99,100,5.26
802,Freeport,US,2021-07-18 15:02:21,40.6576,-73.5832,84.06,85,75,5.99
803,Ginir,ET,2021-07-18 15:05:56,7.1333,40.7,65.07,64,65,8.72
804,Chippewa Falls,US,2021-07-18 15:05:56,44.9369,-91.3929,77.72,70,1,0.0
805,Barabash,RU,2021-07-18 15:05:57,43.2,131.4833,74.88,99,48,2.28
806,Aksarka,RU,2021-07-18 15:05:57,66.5606,67.7975,64.49,74,59,9.08
807,College,US,2021-07-18 15:05:57,64.8569,-147.8028,61.59,75,75,4.61
808,Saint-Augustin,CA,2021-07-18 15:05:58,51.226,-58.6502,74.41,40,0,11.61
809,Dennis,US,2021-07-18 15:05:58,41.7354,-70.1939,83.8,92,1,1.01
810,Arman,RU,2021-07-18 15:01:24,59.7,150.1667,55.83,76,10,13.42
811,Eydhafushi,MV,2021-07-18 15:05:59,5.1033,73.0708,82.33,74,100,12.28
812,Moissac,FR,2021-07-18 15:05:59,44.1024,1.0945,89.91,38,1,9.62
813,Batagay-Alyta,RU,2021-07-18 15:05:59,67.8006,130.4114,48.87,63,53,5.37
814,Puerto Escondido,MX,2021-07-18 15:06:00,15.85,-97.0667,84.42,61,31,0.45
815,De Land,US,2021-07-18 15:06:00,29.0283,-81.3031,89.85,69,40,3.44
816,Suzhou,CN,2021-07-18 15:03:48,31.3114,120.6181,82.27,81,90,10.42
817,Talnakh,RU,2021-07-18 15:06:00,69.4865,88.3972,54.77,76,100,6.91
818,Buenos Aires,AR,2021-07-18 15:05:34,-34.6132,-58.3772,51.01,65,40,12.66
819,Shubarkuduk,KZ,2021-07-18 15:06:01,49.1447,56.4872,91.6,25,64,7.49
820,Puteyets,RU,2021-07-18 15:06:01,65.1716,57.091,66.85,54,100,2.33
821,Torbay,CA,2021-07-18 15:03:22,47.6666,-52.7314,76.87,56,31,10.13
822,Montijo,PT,2021-07-18 15:06:02,38.7067,-8.9739,77.54,59,20,16.11
823,Verkhoyansk,RU,2021-07-18 15:06:02,67.5447,133.385,49.77,53,30,3.29
824,Juan Lacaze,UY,2021-07-18 15:06:03,-34.4342,-57.4381,50.07,64,51,30.8
825,Cap-Aux-Meules,CA,2021-07-18 15:01:26,47.3821,-61.8597,63.61,77,96,3.87
826,Grand Gaube,MU,2021-07-18 15:06:03,-20.0064,57.6608,68.38,82,7,8.01
827,Muli,MV,2021-07-18 15:06:04,2.9167,73.5667,82.8,74,69,9.33
828,Hay River,CA,2021-07-18 15:06:04,60.8156,-115.7999,54.7,60,87,2.13
829,Coffs Harbour,AU,2021-07-18 15:06:04,-30.3,153.1333,46.13,100,7,3.44
830,Cidreira,BR,2021-07-18 15:06:05,-30.1811,-50.2056,52.88,51,0,24.25
831,Voskresenskoye,RU,2021-07-18 15:06:05,56.8381,45.4317,82.44,44,8,5.14
832,Mayuge,UG,2021-07-18 15:06:05,0.4597,33.4803,73.22,52,87,11.16
833,Portland,US,2021-07-18 15:02:56,45.5234,-122.6762,63.91,76,1,1.99
834,Yining,CN,2021-07-18 15:06:06,29.0361,114.5636,75.85,94,55,2.64
835,Turbat,PK,2021-07-18 15:01:39,26.0023,63.044,90.55,56,1,18.45
836,Lebu,CL,2021-07-18 15:06:06,-37.6167,-73.65,51.69,58,0,12.64
837,Ibb,YE,2021-07-18 15:06:07,13.9667,44.1833,71.2,58,99,16.37
838,Belaya Gora,RU,2021-07-18 15:06:07,68.5333,146.4167,41.23,70,76,4.0
839,Kirakira,SB,2021-07-18 15:02:06,-10.4544,161.9205,78.51,84,99,10.47
840,Sadabad,IN,2021-07-18 15:06:07,27.45,78.05,80.91,77,100,3.74
841,Emba,KZ,2021-07-18 15:06:08,48.8264,58.1442,89.38,29,82,7.63
842,Souris,CA,2021-07-18 15:06:09,49.6172,-100.2612,77.74,44,0,8.66
843,Sola,VU,2021-07-18 15:06:09,-13.8833,167.55,79.75,73,46,15.19
844,Gamba,GA,2021-07-18 15:06:09,-2.65,10.0,75.47,71,7,11.52
845,Port Macquarie,AU,2021-07-18 15:06:10,-31.4333,152.9167,46.38,71,59,6.29
846,San Cristobal,VE,2021-07-18 15:06:10,7.7669,-72.225,84.38,52,36,9.13
847,Pevek,RU,2021-07-18 15:06:11,69.7008,170.3133,36.55,85,100,3.0
848,Bonavista,CA,2021-07-18 15:06:11,48.6499,-53.1147,63.57,66,7,5.06
849,Biak,ID,2021-07-18 15:06:12,-0.9131,122.8766,75.67,87,97,4.25
850,Ola,RU,2021-07-18 15:06:12,59.5833,151.2833,55.27,84,97,8.99
851,Constitucion,CL,2021-07-18 15:06:12,-35.3333,-72.4167,54.68,42,0,3.6
852,Kieta,PG,2021-07-18 15:06:13,-6.2167,155.6333,79.47,81,100,4.29
853,Auki,SB,2021-07-18 15:06:13,-8.7676,160.7034,77.49,89,100,4.92
854,Rapid Valley,US,2021-07-18 15:06:13,44.0625,-103.1463,87.4,47,1,4.61
855,Mandan,US,2021-07-18 15:04:19,46.8267,-100.8896,82.38,92,1,10.36
856,Sagua La Grande,CU,2021-07-18 15:06:14,22.8067,-80.0756,86.99,63,18,13.69
857,Valencia,ES,2021-07-18 15:03:48,39.3333,-0.8333,91.69,32,1,9.78
858,Bucerias,MX,2021-07-18 15:06:14,20.75,-105.3333,82.98,74,90,4.61
859,Leshukonskoye,RU,2021-07-18 15:06:15,64.8989,45.7622,77.23,34,42,6.29
860,Ruteng,ID,2021-07-18 15:06:15,-8.6136,120.4721,59.9,85,97,1.19
861,Namatanai,PG,2021-07-18 15:02:19,-3.6667,152.4333,78.21,84,92,4.38
862,Kamaishi,JP,2021-07-18 15:06:16,39.2667,141.8833,74.66,88,7,4.45
863,Ostrovnoy,RU,2021-07-18 15:06:16,68.0531,39.5131,67.95,64,100,15.19
864,Strezhevoy,RU,2021-07-18 15:06:16,60.7333,77.5889,64.38,72,99,6.87
865,Bayir,TR,2021-07-18 15:06:17,37.2687,28.2167,86.83,27,0,12.66
866,Cockburn Town,TC,2021-07-18 15:06:17,21.4612,-71.1419,81.77,81,100,20.45
867,Yumen,CN,2021-07-18 15:02:57,40.2833,97.2,88.97,17,8,2.64
868,Yamada,JP,2021-07-18 15:06:18,39.4667,141.95,74.05,88,5,3.49
869,Ayan,RU,2021-07-18 15:06:18,56.45,138.1667,65.16,65,3,11.52
870,Christchurch,NZ,2021-07-18 15:02:18,-43.5333,172.6333,47.91,94,75,1.99
871,Aloleng,PH,2021-07-18 15:06:18,16.1307,119.7824,81.88,81,100,15.35
872,Mayo,US,2021-07-18 15:03:25,38.8876,-76.5119,82.26,65,1,5.01
873,Suhbaatar,MN,2021-07-18 15:06:19,50.2314,106.2078,60.94,89,100,4.41
874,Virden,US,2021-07-18 15:06:19,39.5009,-89.7679,77.09,86,35,6.93
875,Coari,BR,2021-07-18 15:06:20,-4.085,-63.1414,89.46,49,8,4.32
876,Lisala,CD,2021-07-18 15:06:20,2.15,21.5167,84.47,53,88,2.24
877,Half Moon Bay,US,2021-07-18 15:06:20,37.4636,-122.4286,71.06,86,1,1.01
878,Alice Springs,AU,2021-07-18 15:02:30,-23.7,133.8833,45.95,66,47,0.0
879,Singkawang,ID,2021-07-18 15:06:21,0.9,109.0,78.55,84,53,4.34
880,Ambanja,MG,2021-07-18 15:06:21,-13.6833,48.45,72.77,79,44,1.88
881,Saint-Denis,FR,2021-07-18 15:06:22,48.9167,2.3333,87.06,44,0,16.11
882,Bontang,ID,2021-07-18 15:04:00,0.1333,117.5,79.43,86,18,9.64
883,Bandarbeyla,SO,2021-07-18 15:06:22,9.4942,50.8122,78.44,76,92,31.94
884,Minab,IR,2021-07-18 15:06:22,27.1467,57.0801,92.7,66,38,7.45
885,Santo Andre,BR,2021-07-18 15:06:23,-23.6639,-46.5383,72.12,50,0,8.05
886,Sandakan,MY,2021-07-18 15:06:23,5.8402,118.1179,77.41,91,71,4.05
887,Agirish,RU,2021-07-18 15:06:24,61.9247,63.0231,67.41,67,96,3.58
888,Cabo San Lucas,MX,2021-07-18 15:06:24,22.8909,-109.9124,85.6,76,75,1.01
889,De-Kastri,RU,2021-07-18 15:06:24,51.4667,140.7833,64.27,65,0,4.72
890,Kavaratti,IN,2021-07-18 15:06:25,10.5669,72.642,82.42,79,100,19.35
891,Rio Grande,BR,2021-07-18 15:02:03,-32.035,-52.0986,47.95,65,49,29.17
892,Aanekoski,FI,2021-07-18 15:06:25,62.6946,25.818,70.86,41,26,13.24
893,Itatiaia,BR,2021-07-18 15:06:26,-22.4961,-44.5633,81.86,39,4,3.13
894,Savannah Bight,HN,2021-07-18 15:06:26,16.45,-85.85,87.85,79,71,18.84
895,Cabedelo,BR,2021-07-18 15:06:26,-6.9811,-34.8339,77.67,69,17,14.83
896,Pitimbu,BR,2021-07-18 15:06:27,-7.4706,-34.8086,77.59,69,29,13.42
897,Korla,CN,2021-07-18 15:06:27,41.7597,86.1469,80.47,26,0,14.47
898,Vuktyl,RU,2021-07-18 15:06:28,63.8567,57.3094,71.56,42,13,4.43
899,Burgeo,CA,2021-07-18 15:06:28,47.6167,-57.6152,66.15,74,93,9.98
900,Flinders,AU,2021-07-18 15:03:36,-34.5833,150.8552,51.21,75,44,1.01
901,Adwa,ET,2021-07-18 15:06:29,14.1646,38.8955,67.08,71,99,11.65
902,Ribeira Grande,PT,2021-07-18 15:06:29,38.5167,-28.7,73.8,64,20,16.11
903,Aguachica,CO,2021-07-18 15:06:29,8.3084,-73.6166,88.81,51,11,4.14
904,Pozo Colorado,PY,2021-07-18 15:06:30,-23.4923,-58.7972,62.11,18,96,11.12
905,Surskoye,RU,2021-07-18 15:06:30,54.4821,46.7214,77.05,70,12,18.57
906,Geraldton,AU,2021-07-18 15:06:31,-28.7667,114.6,57.61,88,75,6.91
907,Saint-Francois,FR,2021-07-18 15:06:31,46.4154,3.9054,83.68,36,0,14.97
908,Kytmanovo,RU,2021-07-18 15:06:31,53.4593,85.4479,61.57,82,100,6.11
909,Lokosovo,RU,2021-07-18 15:06:32,61.1333,74.8167,60.24,79,91,3.76
910,Azuaga,ES,2021-07-18 15:06:32,38.2667,-5.6833,95.97,20,0,10.33
911,Inverell,AU,2021-07-18 15:06:32,-29.7833,151.1167,41.16,89,97,1.99
912,San Policarpo,PH,2021-07-18 15:06:33,12.1791,125.5072,79.11,87,93,5.14
913,Neiafu,TO,2021-07-18 15:06:33,-18.65,-173.9833,75.88,83,20,9.22
914,Shelburne,CA,2021-07-18 15:06:33,44.0787,-80.2041,79.74,48,84,10.0
915,Rocha,UY,2021-07-18 15:06:34,-34.4833,-54.3333,45.37,90,85,29.39
916,Kloulklubed,PW,2021-07-18 15:02:46,7.0419,134.2556,77.5,79,100,6.62
917,Trinidad,BO,2021-07-18 15:06:34,-14.8333,-64.9,62.58,94,90,13.8
918,Koungou,YT,2021-07-18 15:06:35,-12.7336,45.2042,76.71,69,75,13.8
919,Beni,CD,2021-07-18 15:06:35,0.5,29.4667,67.15,87,99,0.63
920,Samarai,PG,2021-07-18 15:03:27,-10.6167,150.6667,79.34,81,96,15.59
921,Hays,US,2021-07-18 15:06:36,30.0502,-98.0336,84.11,79,12,3.0
922,Nouadhibou,MR,2021-07-18 15:06:36,20.931,-17.0347,68.88,92,4,14.2
923,Acarau,BR,2021-07-18 15:05:54,-2.8856,-40.12,88.03,56,21,12.77
924,Sinyavskoye,RU,2021-07-18 15:06:37,47.277,39.2789,99.75,29,0,5.06
925,Yar-Sale,RU,2021-07-18 15:06:37,66.8333,70.8333,56.39,63,30,8.05
926,Margate,GB,2021-07-18 15:06:37,51.3813,1.3862,86.97,74,1,7.54
927,Kralendijk,BQ,2021-07-18 15:06:38,12.15,-68.2667,85.98,70,75,17.27
928,Laguna,US,2021-07-18 15:06:38,38.421,-121.4238,86.02,62,1,1.99
929,Avera,US,2021-07-18 15:06:38,33.194,-82.5271,86.68,62,99,2.82
930,Manoel Urbano,BR,2021-07-18 15:06:39,-8.8389,-69.2597,89.47,43,19,4.43
931,Loudeac,FR,2021-07-18 15:06:39,48.1783,-2.7543,85.33,46,0,11.36
932,Ayorou,NE,2021-07-18 15:06:39,14.7308,0.9174,101.52,28,54,12.1
933,Belmonte,BR,2021-07-18 15:06:40,-15.8631,-38.8828,81.1,63,0,6.04
934,Roma,US,2021-07-18 15:03:45,43.2128,-75.4557,69.94,90,90,5.75
935,Ostersund,SE,2021-07-18 15:06:40,63.1792,14.6357,52.61,76,90,23.02
936,Chornukhy,UA,2021-07-18 15:06:41,50.2673,32.942,87.58,45,45,2.86
937,Fare,PF,2021-07-18 15:06:41,-16.7,-151.0167,78.21,76,100,19.3
938,Batagay,RU,2021-07-18 15:06:41,67.6333,134.6333,47.68,55,30,4.09
939,Kyaikkami,MM,2021-07-18 15:06:42,16.08,97.5675,80.65,82,99,12.37
940,Hammerfest,NO,2021-07-18 15:06:42,70.6634,23.6821,50.45,81,75,13.8
941,Mahanje,TZ,2021-07-18 15:06:42,-9.9333,35.3333,71.65,37,3,4.54
942,Kirkuk,IQ,2021-07-18 15:06:43,35.4681,44.3922,109.78,8,0,7.0
943,Saint Anthony,US,2021-07-18 15:06:43,45.0205,-93.218,81.09,62,1,1.01
944,Barrow,US,2021-07-18 15:06:43,71.2906,-156.7887,50.02,81,90,17.27
945,Turkistan,KZ,2021-07-18 15:06:44,43.0,68.0,91.53,15,0,10.02
946,Bintulu,MY,2021-07-18 15:06:44,3.1667,113.0333,80.15,85,23,5.44
947,Berea,US,2021-07-18 15:06:44,41.3662,-81.8543,78.49,68,40,1.99
948,Khorramshahr,IR,2021-07-18 15:06:45,30.4397,48.1664,107.44,27,8,13.38
949,Karratha,AU,2021-07-18 15:06:45,-20.7377,116.8463,69.44,42,0,6.17
950,Teguldet,RU,2021-07-18 15:06:45,57.3064,88.1667,57.31,99,100,5.3
951,Nizhniy Tsasuchey,RU,2021-07-18 15:06:46,50.5167,115.1333,60.67,92,100,9.55
952,Oksfjord,NO,2021-07-18 15:06:46,70.2396,22.3479,55.47,93,94,8.84
953,Bulolo,PG,2021-07-18 15:06:46,-7.2,146.65,68.38,98,98,2.37
954,Wajir,KE,2021-07-18 15:06:47,1.7471,40.0573,89.06,29,26,18.7
955,Tiksi,RU,2021-07-18 15:06:47,71.6872,128.8694,41.05,75,100,5.21
956,Wageningen,NL,2021-07-18 15:06:47,51.9667,5.6667,84.15,54,0,13.8
957,Mnogovershinnyy,RU,2021-07-18 15:06:48,53.9353,139.9242,60.17,54,34,4.81
958,Touros,BR,2021-07-18 15:06:48,-5.1989,-35.4608,85.1,62,78,15.5
959,Vostok,RU,2021-07-18 15:06:48,46.4856,135.8833,66.07,82,0,3.42
960,San Quintin,MX,2021-07-18 15:04:11,30.4833,-115.95,71.11,82,20,5.08
961,Sun Valley,US,2021-07-18 15:06:49,39.5963,-119.776,76.69,35,20,1.99
962,Herisau,CH,2021-07-18 15:06:49,47.3862,9.2792,76.24,92,99,3.8
963,Dicabisagan,PH,2021-07-18 15:06:49,17.0818,122.4157,80.22,89,100,6.24
964,Sept-Iles,CA,2021-07-18 15:06:37,50.2001,-66.3821,72.05,67,32,4.0
965,Gorodishche,RU,2021-07-18 15:06:50,48.8045,44.4744,94.08,27,40,8.95
966,Zyryanovsk,KZ,2021-07-18 15:06:50,49.7386,84.2719,68.65,53,100,3.33
967,Coruripe,BR,2021-07-18 15:06:51,-10.1256,-36.1756,79.75,74,12,8.95
968,Indramayu,ID,2021-07-18 15:06:51,-6.3264,108.32,81.21,73,11,5.41
969,Pointe Michel,DM,2021-07-18 15:06:52,15.25,-61.3833,81.19,82,21,14.74
970,Sheregesh,RU,2021-07-18 15:06:52,52.9209,87.9869,65.1,57,99,4.43
971,Marysville,US,2021-07-18 15:06:52,48.0518,-122.1771,65.3,79,1,1.01
972,Sarkand,KZ,2021-07-18 15:06:53,45.41,79.9186,70.79,25,100,3.74
973,Palatka,US,2021-07-18 15:06:53,29.6486,-81.6376,90.07,49,39,2.39
974,Altamira,BR,2021-07-18 15:06:53,-3.2033,-52.2064,90.18,48,20,3.42
975,Broken Hill,AU,2021-07-18 15:06:54,-31.95,141.4333,51.19,50,100,6.35
976,Dunedin,NZ,2021-07-18 15:06:54,-45.8742,170.5036,46.8,93,99,1.01
977,Necochea,AR,2021-07-18 15:06:54,-38.5473,-58.7368,49.03,71,8,25.99
978,Yarega,RU,2021-07-18 15:06:55,63.4354,53.5765,73.2,42,37,2.46
979,Uray,RU,2021-07-18 15:06:55,60.1247,64.7758,60.57,88,94,9.89
980,Arroyo,ES,2021-07-18 15:06:55,41.6096,-4.7969,91.44,20,0,9.22
981,Riachao Do Jacuipe,BR,2021-07-18 15:06:56,-11.8069,-39.3856,85.98,43,36,3.2
982,Petrovskaya,RU,2021-07-18 15:06:56,45.4314,37.955,84.69,39,0,12.39
983,Lac Du Bonnet,CA,2021-07-18 15:06:56,50.2536,-96.0612,80.58,31,54,9.73
984,Mali Zvornik,RS,2021-07-18 15:06:57,44.3734,19.1065,73.98,83,84,7.36
985,Maues,BR,2021-07-18 15:06:57,-3.3836,-57.7186,91.96,42,2,4.45
986,Qandala,SO,2021-07-18 15:06:57,11.472,49.8728,87.89,59,99,2.59
987,Mandalgovi,MN,2021-07-18 15:06:58,45.7625,106.2708,74.59,42,100,11.97
988,Jiblah,YE,2021-07-18 15:06:58,13.9216,44.1467,70.38,55,98,15.77
989,Aswan,EG,2021-07-18 15:02:05,24.0934,32.907,107.4,10,49,10.16
990,Chicama,PE,2021-07-18 15:06:59,-7.8447,-79.1469,64.94,73,77,6.13
991,Aguililla,MX,2021-07-18 15:06:59,18.7333,-102.7333,71.82,84,100,1.14
992,Jalu,LY,2021-07-18 15:06:59,29.0331,21.5482,95.13,24,0,14.32
993,Haskovo,BG,2021-07-18 15:04:12,41.9403,25.5694,91.02,28,59,18.81
994,Fergus Falls,US,2021-07-18 15:07:00,46.283,-96.0776,80.17,66,1,5.01
995,Bryansk,RU,2021-07-18 15:07:00,53.2875,34.3806,70.36,88,40,4.47
996,Sinnamary,GF,2021-07-18 15:07:01,5.3833,-52.95,83.53,73,71,6.62
997,Tanout,NE,2021-07-18 15:07:01,14.9709,8.8879,97.56,28,100,12.26
998,Henties Bay,NA,2021-07-18 15:07:01,-22.116,14.2845,82.85,38,2,8.43
999,Melita,CA,2021-07-18 15:07:02,49.2681,-100.9967,78.19,53,0,12.41
1000,Kut Chap,TH,2021-07-18 15:07:02,17.4257,102.5669,84.63,91,100,5.21
1001,Guider,CM,2021-07-18 15:07:02,9.9342,13.9486,88.11,50,99,11.48
1002,Mazatlan,MX,2021-07-18 15:07:03,23.2167,-106.4167,86.02,78,90,3.0
1003,Ancud,CL,2021-07-18 15:02:13,-41.8697,-73.8203,46.22,73,98,4.14
1004,Grants,US,2021-07-18 15:07:04,35.1473,-107.8514,70.03,60,75,4.61
1005,Opatija,HR,2021-07-18 15:07:04,45.3392,14.3083,81.91,76,100,12.03
1006,Iquique,CL,2021-07-18 15:05:37,-20.2208,-70.1431,57.24,68,27,6.08
1007,Saharsa,IN,2021-07-18 15:07:04,25.8833,86.6,85.98,72,100,3.87
1008,Ust-Nera,RU,2021-07-18 15:07:05,64.5667,143.2,47.39,63,7,4.97
1009,Bundaberg,AU,2021-07-18 15:07:05,-24.85,152.35,51.22,67,0,1.01
1010,Vertientes,CU,2021-07-18 15:07:06,21.2594,-78.1464,84.4,69,25,14.32
1011,Springbok,ZA,2021-07-18 15:07:06,-29.6643,17.8865,67.39,25,0,12.91
1012,Akyab,MM,2021-07-18 15:07:06,20.15,92.9,82.13,83,100,7.47
1013,Rognedino,RU,2021-07-18 15:07:07,53.8015,33.5576,83.34,61,56,6.06
1014,Mehamn,NO,2021-07-18 15:07:07,71.0357,27.8492,53.78,85,97,12.73
1015,Storforshei,NO,2021-07-18 15:07:07,66.4043,14.5233,52.66,71,75,12.66
1016,Sampit,ID,2021-07-18 15:07:08,-2.5333,112.95,74.43,98,95,3.58
1017,Shimoda,JP,2021-07-18 15:07:08,34.6667,138.95,75.11,92,3,6.49
1018,Bathsheba,BB,2021-07-18 15:07:08,13.2167,-59.5167,86.61,70,40,18.41
1019,Srandakan,ID,2021-07-18 15:07:09,-7.9386,110.2506,76.57,83,29,6.87
1020,Salumbar,IN,2021-07-18 15:07:09,24.1333,74.05,86.54,70,100,6.29
1021,Aguimes,ES,2021-07-18 15:07:09,27.9054,-15.4461,84.67,54,0,27.63
1022,Baoro,CF,2021-07-18 15:07:10,5.6667,15.9667,78.64,71,71,5.48
1023,Pangnirtung,CA,2021-07-18 15:07:10,66.1451,-65.7125,53.73,67,100,3.51
1024,Caravelas,BR,2021-07-18 15:07:10,-17.7125,-39.2481,82.06,46,0,8.19
1025,Alibag,IN,2021-07-18 15:07:11,18.6411,72.8792,82.47,86,100,9.57
1026,Praia Da Vitoria,PT,2021-07-18 15:07:11,38.7333,-27.0667,72.75,80,9,7.0
1027,Brainerd,US,2021-07-18 15:07:11,46.358,-94.2008,79.05,47,1,3.44
1028,Mitchell,US,2021-07-18 15:07:12,43.7094,-98.0298,75.74,80,1,5.99
1029,Oistins,BB,2021-07-18 15:07:12,13.0667,-59.5333,86.09,70,40,18.41
1030,Valdivia,CL,2021-07-18 15:07:13,-39.8142,-73.2459,32.09,68,13,2.1
1031,Berdigestyakh,RU,2021-07-18 15:07:13,62.0989,126.6992,62.02,59,18,5.06
1032,Leningradskiy,RU,2021-07-18 15:07:13,69.3833,178.4167,36.16,95,100,9.08
1033,Yuncheng,CN,2021-07-18 15:07:14,35.0231,110.9928,76.53,84,100,3.62
1034,Chokwe,MZ,2021-07-18 15:07:14,-24.5333,32.9833,66.9,51,41,10.07
1035,Saint-Louis,SN,2021-07-18 15:07:14,16.3333,-15.0,101.44,27,9,5.82
1036,Straumen,NO,2021-07-18 15:07:15,63.8709,11.2999,56.62,88,99,15.46
1037,Granadilla De Abona,ES,2021-07-18 15:04:30,28.1188,-16.576,84.76,61,0,9.22
1038,Pingshan,CN,2021-07-18 15:07:15,22.9938,114.7131,78.13,83,100,4.68
1039,The Pas,CA,2021-07-18 15:04:16,53.8251,-101.2541,60.82,94,90,9.44
1040,Jiuquan,CN,2021-07-18 15:07:16,39.7432,98.5174,85.17,19,0,1.5
1041,Masterton,NZ,2021-07-18 15:07:16,-40.9597,175.6575,49.96,98,100,1.54
1042,Isfana,KG,2021-07-18 15:07:16,39.8386,69.5306,70.36,59,85,5.28
1043,Nanortalik,GL,2021-07-18 15:07:17,60.1432,-45.2371,47.93,97,100,16.93
1044,Obo,CF,2021-07-18 15:07:17,5.3998,26.4869,74.52,92,65,5.93
1045,Brazzaville,CG,2021-07-18 15:07:17,-4.2658,15.2832,97.47,20,25,2.19
1046,Esna,EG,2021-07-18 15:07:18,25.2934,32.554,108.34,9,6,5.88
1047,Sladkovo,RU,2021-07-18 15:07:18,55.5284,70.3385,61.86,69,66,2.3
1048,Vestmannaeyjar,IS,2021-07-18 15:07:18,63.4427,-20.2734,50.99,87,90,16.11
1049,Saurimo,AO,2021-07-18 15:07:19,-9.6608,20.3916,84.7,15,69,5.53
1050,Krasnoselkup,RU,2021-07-18 15:07:19,65.7,82.4667,56.55,61,9,7.16
1051,Babstovo,RU,2021-07-18 15:07:19,48.1167,132.4833,70.36,77,73,1.45
1052,Kaseda,JP,2021-07-18 15:07:20,31.4167,130.3167,78.24,87,100,12.03
1053,Izhma,RU,2021-07-18 15:07:20,65.0083,53.9113,68.88,54,100,2.68
1054,Penapolis,BR,2021-07-18 15:03:15,-21.4197,-50.0775,75.34,25,98,10.87
1055,Boqueirao,BR,2021-07-18 15:07:21,-7.5,-36.1333,88.02,39,26,11.97
1056,Manokwari,ID,2021-07-18 15:07:21,-0.8667,134.0833,75.38,90,100,6.2
1057,Yangjiang,CN,2021-07-18 15:07:21,21.85,111.9667,78.84,85,100,4.56
1058,Tezu,IN,2021-07-18 15:07:22,27.9167,96.1667,77.7,98,99,2.24
1059,Magnitogorsk,RU,2021-07-18 15:07:22,53.4186,59.0472,79.63,50,75,4.47
1060,Zheleznodorozhnyy,RU,2021-07-18 15:02:24,55.7503,38.0042,85.55,46,98,7.09
1061,Dingle,PH,2021-07-18 15:03:19,10.9995,122.6711,77.29,87,100,6.64
1062,Okhotsk,RU,2021-07-18 15:07:23,59.3833,143.3,59.59,84,12,5.75
1063,Washougal,US,2021-07-18 15:07:23,45.5826,-122.3534,68.14,78,1,0.0
1064,Quelimane,MZ,2021-07-18 15:07:23,-17.8786,36.8883,70.27,70,33,8.95
1065,Eureka,US,2021-07-18 15:07:24,40.8021,-124.1637,54.21,91,0,3.22
1066,Northam,GB,2021-07-18 15:07:24,51.0333,-4.2167,83.12,70,0,2.91
1067,Port Blair,IN,2021-07-18 15:07:25,11.6667,92.75,80.58,86,100,20.0
1068,Rio Gallegos,AR,2021-07-18 15:07:25,-51.6226,-69.2181,44.65,57,0,11.5
1069,Marienburg,PL,2021-07-18 15:07:26,54.0359,19.0266,83.84,42,10,13.31
1070,Cerro Largo,BR,2021-07-18 15:07:26,-28.1486,-54.7381,51.3,43,0,12.73
1071,Terrenate,MX,2021-07-18 15:07:26,19.4833,-97.9167,57.06,58,4,6.02
1072,Sheltozero,RU,2021-07-18 15:07:27,61.3667,35.3667,80.02,40,0,8.39
1073,Taltal,CL,2021-07-18 15:07:27,-25.4,-70.4833,60.33,65,100,2.48
1074,Xining,CN,2021-07-18 15:07:27,36.6167,101.7667,56.1,84,7,1.86
1075,Magadan,RU,2021-07-18 15:07:28,59.5667,150.8,53.85,85,60,7.61
1076,Novyye Burasy,RU,2021-07-18 15:07:28,52.1324,46.0714,87.84,46,19,5.48
1077,Hovd,MN,2021-07-18 15:07:28,48.0056,91.6419,57.52,70,87,17.76
1078,Guerrero Negro,MX,2021-07-18 15:07:29,27.9769,-114.0611,71.55,77,0,7.7
1079,La Asuncion,VE,2021-07-18 15:07:29,11.0333,-63.8628,82.2,74,0,12.03
1080,Sugar Land,US,2021-07-18 15:04:07,29.6197,-95.6349,89.89,75,20,5.75
1081,Tiarei,PF,2021-07-18 15:07:30,-17.5333,-149.3333,71.62,78,100,24.94
1082,Uglegorskiy,RU,2021-07-18 15:07:30,48.2427,41.2531,99.79,27,14,6.17
1083,Ivdel,RU,2021-07-18 15:07:30,60.6911,60.4206,69.69,70,80,3.31
1084,Pisco,PE,2021-07-18 15:07:31,-13.7,-76.2167,62.65,82,90,2.3
1085,Bunol,ES,2021-07-18 15:07:31,39.4167,-0.7833,85.82,51,1,11.9
1086,Lavrentiya,RU,2021-07-18 15:07:31,65.5833,-171.0,44.15,97,99,7.16
1087,Zaqatala,AZ,2021-07-18 15:07:32,41.6336,46.6433,90.07,35,0,4.61
1088,Estelle,US,2021-07-18 15:07:32,29.8458,-90.1067,89.01,73,75,3.44
1089,Tancheng,CN,2021-07-18 15:07:32,27.4375,115.4976,77.07,85,73,1.9
1090,Osakarovka,KZ,2021-07-18 15:07:33,50.565,72.5692,64.6,68,8,9.69
1091,La Libertad,EC,2021-07-18 15:07:33,-2.2333,-80.9,71.15,80,86,9.15
1092,Ghanzi,BW,2021-07-18 15:07:34,-21.5667,21.7833,66.78,20,0,9.62
1093,Wanaka,NZ,2021-07-18 15:07:34,-44.7,169.15,40.1,99,100,1.1
1094,Durban,ZA,2021-07-18 15:06:37,-29.8579,31.0292,67.01,68,0,1.99
1095,Dumas,US,2021-07-18 15:07:35,35.8656,-101.9732,81.61,73,1,5.75
1096,Baykit,RU,2021-07-18 15:07:35,61.67,96.37,57.42,91,70,3.13
1097,Mizdah,LY,2021-07-18 15:07:36,31.4451,12.9801,89.11,19,0,22.93
1098,Aginskoye,RU,2021-07-18 15:07:36,51.1,114.53,58.64,88,100,5.64
